time,lat,long
14/06/2021 11:12:15,26.8813103,88.8022123
14/06/2021 11:12:15,26.8813103,88.8022123
14/06/2021 11:12:16,26.8813103,88.8022123
14/06/2021 11:12:16,26.8813103,88.8022123
14/06/2021 11:12:17,26.8812253,88.8041554
14/06/2021 11:12:17,26.8812253,88.8041554
14/06/2021 11:12:18,26.8812155,88.8041484
14/06/2021 11:12:18,26.8812155,88.8041484
14/06/2021 11:12:19,26.8812165,88.8041543
14/06/2021 11:12:19,26.8812167,88.8041555
14/06/2021 11:12:20,26.8812143,88.8041508
14/06/2021 11:12:20,26.8812143,88.8041508
14/06/2021 11:12:21,26.8812134,88.8041507
14/06/2021 11:12:21,26.8812134,88.8041507
14/06/2021 11:12:22,26.8812124,88.804151
14/06/2021 11:12:22,26.8812124,88.804151
14/06/2021 11:12:23,26.8812048,88.8041523
14/06/2021 11:12:23,26.8812048,88.8041523
14/06/2021 11:12:24,26.8812038,88.8041498
14/06/2021 11:12:24,26.8812038,88.8041498
14/06/2021 11:12:25,26.8812083,88.8041451
14/06/2021 11:12:25,26.8812083,88.8041451
14/06/2021 11:12:26,26.8812094,88.8041414
14/06/2021 11:12:26,26.8812094,88.8041414
14/06/2021 11:12:27,26.8812066,88.804144
14/06/2021 11:12:27,26.8812066,88.804144
14/06/2021 11:12:28,26.8812029,88.8041494
14/06/2021 11:12:28,26.8812029,88.8041494
14/06/2021 11:12:29,26.8811996,88.8041514
14/06/2021 11:12:29,26.8811996,88.8041514
14/06/2021 11:12:30,26.881198,88.804149
14/06/2021 11:12:30,26.881198,88.804149
14/06/2021 11:12:31,26.8811948,88.8041435
14/06/2021 11:12:31,26.8811948,88.8041435
14/06/2021 11:12:32,26.8811929,88.8041413
14/06/2021 11:12:32,26.8811929,88.8041413
14/06/2021 11:12:33,26.8811918,88.8041401
14/06/2021 11:12:33,26.8811918,88.8041401
14/06/2021 11:12:34,26.8811923,88.8041413
14/06/2021 11:12:34,26.8811923,88.8041413
14/06/2021 11:12:35,26.8811929,88.8041425
14/06/2021 11:12:35,26.8811929,88.8041425
14/06/2021 11:12:36,26.8811933,88.8041434
14/06/2021 11:12:36,26.8811933,88.8041434
14/06/2021 11:12:37,26.8811939,88.8041439
14/06/2021 11:12:37,26.8811939,88.8041439
14/06/2021 11:12:38,26.8811953,88.8041446
14/06/2021 11:12:38,26.8811953,88.8041446
14/06/2021 11:12:39,26.8811964,88.8041455
14/06/2021 11:12:39,26.8811964,88.8041455
14/06/2021 11:12:40,26.8811981,88.8041465
14/06/2021 11:12:40,26.8811981,88.8041465
14/06/2021 11:12:41,26.8811983,88.8041439
14/06/2021 11:12:41,26.8811983,88.8041439
14/06/2021 11:12:42,26.8811985,88.8041429
14/06/2021 11:12:42,26.8811985,88.8041429
14/06/2021 11:12:43,26.8811989,88.8041429
14/06/2021 11:12:43,26.8811989,88.8041429
14/06/2021 11:12:44,26.8811995,88.8041448
14/06/2021 11:12:44,26.8811995,88.8041448
14/06/2021 11:12:45,26.8812013,88.8041505
14/06/2021 11:12:45,26.8812013,88.8041505
14/06/2021 11:12:46,26.8812019,88.8041523
14/06/2021 11:12:46,26.8812019,88.8041523
14/06/2021 11:12:47,26.8812032,88.8041567
14/06/2021 11:12:47,26.8812032,88.8041567
14/06/2021 11:12:48,26.881205,88.8041634
14/06/2021 11:12:48,26.881205,88.8041634
14/06/2021 11:12:49,26.8812067,88.8041719
14/06/2021 11:12:49,26.8812067,88.8041719
14/06/2021 11:12:50,26.8812078,88.8041778
14/06/2021 11:12:50,26.8812078,88.8041778
14/06/2021 11:12:51,26.8812079,88.8041794
14/06/2021 11:12:51,26.8812079,88.8041794
14/06/2021 11:12:52,26.8812076,88.804179
14/06/2021 11:12:52,26.8812076,88.804179
14/06/2021 11:12:53,26.8812073,88.8041783
14/06/2021 11:12:53,26.8812073,88.8041783
14/06/2021 11:12:54,26.8812071,88.8041779
14/06/2021 11:12:54,26.8812071,88.8041779
14/06/2021 11:12:55,26.8812071,88.804178
14/06/2021 11:12:55,26.8812071,88.804178
14/06/2021 11:12:56,26.881207,88.8041783
14/06/2021 11:12:56,26.881207,88.8041783
14/06/2021 11:12:57,26.8812069,88.8041787
14/06/2021 11:12:57,26.8812069,88.8041787
14/06/2021 11:12:58,26.8812068,88.804179
14/06/2021 11:12:58,26.8812068,88.804179
14/06/2021 11:12:59,26.8812068,88.8041791
14/06/2021 11:12:59,26.8812068,88.8041791
14/06/2021 11:13:00,26.8812066,88.8041791
14/06/2021 11:13:00,26.8812066,88.8041791
14/06/2021 11:13:01,26.8812066,88.8041793
14/06/2021 11:13:01,26.8812066,88.8041793
14/06/2021 11:13:02,26.8812065,88.8041795
14/06/2021 11:13:02,26.8812065,88.8041795
14/06/2021 11:13:03,26.8812065,88.8041798
14/06/2021 11:13:03,26.8812065,88.8041798
14/06/2021 11:13:04,26.8812064,88.80418
14/06/2021 11:13:04,26.8812064,88.80418
14/06/2021 11:13:05,26.8812064,88.8041805
14/06/2021 11:13:05,26.8812064,88.8041805
14/06/2021 11:13:06,26.8812063,88.8041806
14/06/2021 11:13:06,26.8812063,88.8041806
14/06/2021 11:13:07,26.8812061,88.8041807
14/06/2021 11:13:07,26.8812061,88.8041807
14/06/2021 11:13:08,26.881206,88.8041806
14/06/2021 11:13:08,26.881206,88.8041806
14/06/2021 11:13:09,26.8812058,88.8041818
14/06/2021 11:13:09,26.8812058,88.8041818
14/06/2021 11:13:10,26.8812057,88.8041823
14/06/2021 11:13:10,26.8812057,88.8041823
14/06/2021 11:13:11,26.8812056,88.8041825
14/06/2021 11:13:11,26.8812056,88.8041825
14/06/2021 11:13:12,26.8812056,88.8041821
14/06/2021 11:13:12,26.8812056,88.8041821
14/06/2021 11:13:13,26.8812055,88.8041819
14/06/2021 11:13:13,26.8812055,88.8041819
14/06/2021 11:13:14,26.8812054,88.8041821
14/06/2021 11:13:14,26.8812054,88.8041821
14/06/2021 11:13:15,26.8812053,88.8041823
14/06/2021 11:13:15,26.8812053,88.8041823
14/06/2021 11:13:16,26.8812053,88.8041819
14/06/2021 11:13:16,26.8812053,88.8041819
14/06/2021 11:13:17,26.8812052,88.8041817
14/06/2021 11:13:17,26.8812052,88.8041817
14/06/2021 11:13:18,26.8812052,88.8041818
14/06/2021 11:13:18,26.8812052,88.8041818
14/06/2021 11:13:19,26.8812051,88.8041829
14/06/2021 11:13:19,26.8812051,88.8041829
14/06/2021 11:13:20,26.881205,88.8041836
14/06/2021 11:13:20,26.881205,88.8041838
14/06/2021 11:13:21,26.8812049,88.8041841
14/06/2021 11:13:21,26.8812049,88.8041841
14/06/2021 11:13:22,26.8812049,88.8041842
14/06/2021 11:13:22,26.8812049,88.8041842
14/06/2021 11:13:23,26.8812048,88.8041846
14/06/2021 11:13:23,26.8812048,88.8041846
14/06/2021 11:13:24,26.8812027,88.8042068
14/06/2021 11:13:24,26.8812027,88.8042068
14/06/2021 11:13:25,26.8811992,88.8042335
14/06/2021 11:13:25,26.881198,88.8042432
14/06/2021 11:13:26,26.8811959,88.8042562
14/06/2021 11:13:26,26.8811959,88.8042562
14/06/2021 11:13:27,26.8811936,88.8042675
14/06/2021 11:13:27,26.8811936,88.8042675
14/06/2021 11:13:28,26.88119,88.8042792
14/06/2021 11:13:28,26.88119,88.8042792
14/06/2021 11:13:29,26.8811869,88.8042901
14/06/2021 11:13:29,26.8811869,88.8042901
14/06/2021 11:13:30,26.8811816,88.8043026
14/06/2021 11:13:30,26.8811786,88.8043079
14/06/2021 11:13:31,26.8811747,88.8043161
14/06/2021 11:13:31,26.8811747,88.8043161
14/06/2021 11:13:32,26.8811736,88.8043187
14/06/2021 11:13:32,26.8811736,88.8043187
14/06/2021 11:13:33,26.8811742,88.8043186
14/06/2021 11:13:33,26.8811742,88.8043186
14/06/2021 11:13:34,26.8811745,88.8043186
14/06/2021 11:13:34,26.8811745,88.8043186
14/06/2021 11:13:35,26.8811751,88.8043197
14/06/2021 11:13:35,26.8811754,88.8043196
14/06/2021 11:13:36,26.8811753,88.804321
14/06/2021 11:13:36,26.8811753,88.804321
14/06/2021 11:13:37,26.8811754,88.8043219
14/06/2021 11:13:37,26.8811754,88.8043219
14/06/2021 11:13:38,26.881175,88.8043245
14/06/2021 11:13:38,26.881175,88.8043245
14/06/2021 11:13:39,26.881175,88.8043287
14/06/2021 11:13:39,26.881175,88.8043287
14/06/2021 11:13:40,26.8811748,88.8043289
14/06/2021 11:13:40,26.8811748,88.8043286
14/06/2021 11:13:41,26.8811748,88.8043291
14/06/2021 11:13:41,26.8811748,88.8043291
14/06/2021 11:13:42,26.8811748,88.804329
14/06/2021 11:13:42,26.8811748,88.804329
14/06/2021 11:13:43,26.881175,88.804328
14/06/2021 11:13:43,26.881175,88.804328
14/06/2021 11:13:44,26.8811752,88.8043272
14/06/2021 11:13:44,26.8811752,88.8043272
14/06/2021 11:13:45,26.8811753,88.8043269
14/06/2021 11:13:45,26.8811753,88.8043268
14/06/2021 11:13:46,26.8811753,88.8043268
14/06/2021 11:13:46,26.8811753,88.8043268
14/06/2021 11:13:47,26.8811754,88.8043285
14/06/2021 11:13:47,26.8811754,88.8043285
14/06/2021 11:13:48,26.8811755,88.8043297
14/06/2021 11:13:48,26.8811755,88.8043297
14/06/2021 11:13:49,26.8811755,88.8043303
14/06/2021 11:13:49,26.8811755,88.8043303
14/06/2021 11:13:50,26.8811755,88.8043305
14/06/2021 11:13:50,26.8811755,88.8043305
14/06/2021 11:13:51,26.8811755,88.8043305
14/06/2021 11:13:51,26.8811755,88.8043305
14/06/2021 11:13:52,26.8811754,88.8043301
14/06/2021 11:13:52,26.8811754,88.8043301
14/06/2021 11:13:53,26.8811754,88.8043299
14/06/2021 11:13:53,26.8811754,88.8043299
14/06/2021 11:13:54,26.8811754,88.8043298
14/06/2021 11:13:54,26.881175,88.8043296
14/06/2021 11:13:55,26.8811745,88.8043294
14/06/2021 11:13:55,26.8811734,88.8043288
14/06/2021 11:13:56,26.8811728,88.8043284
14/06/2021 11:13:56,26.8811728,88.8043284
14/06/2021 11:13:57,26.8811723,88.8043279
14/06/2021 11:13:57,26.8811723,88.8043279
14/06/2021 11:13:58,26.8811717,88.8043273
14/06/2021 11:13:58,26.8811717,88.8043273
14/06/2021 11:13:59,26.8811714,88.8043267
14/06/2021 11:13:59,26.8811714,88.8043267
14/06/2021 11:14:00,26.8811707,88.8043262
14/06/2021 11:14:00,26.8811701,88.8043258
14/06/2021 11:14:01,26.8811695,88.8043251
14/06/2021 11:14:01,26.8811695,88.8043251
14/06/2021 11:14:02,26.8811683,88.8043301
14/06/2021 11:14:02,26.8811683,88.8043301
14/06/2021 11:14:03,26.8811678,88.8043331
14/06/2021 11:14:03,26.8811678,88.8043331
14/06/2021 11:14:04,26.8811673,88.8043351
14/06/2021 11:14:04,26.8811673,88.8043351
14/06/2021 11:14:05,26.8811669,88.8043373
14/06/2021 11:14:05,26.8811697,88.8043395
14/06/2021 11:14:06,26.8811697,88.8043395
14/06/2021 11:14:06,26.8811719,88.8043414
14/06/2021 11:14:07,26.8811736,88.8043429
14/06/2021 11:14:07,26.8811736,88.8043429
14/06/2021 11:14:08,26.8811755,88.8043448
14/06/2021 11:14:08,26.8811755,88.8043448
14/06/2021 11:14:09,26.8811767,88.8043462
14/06/2021 11:14:09,26.8811767,88.8043462
14/06/2021 11:14:10,26.881177,88.8043467
14/06/2021 11:14:10,26.881177,88.8043468
14/06/2021 11:14:11,26.8811769,88.8043468
14/06/2021 11:14:11,26.8811769,88.8043468
14/06/2021 11:14:12,26.8811769,88.8043468
14/06/2021 11:14:12,26.8811769,88.8043468
14/06/2021 11:14:13,26.8811768,88.8043469
14/06/2021 11:14:13,26.8811768,88.8043469
14/06/2021 11:14:14,26.8811766,88.8043469
14/06/2021 11:14:14,26.8811766,88.8043469
14/06/2021 11:14:15,26.8811766,88.8043469
14/06/2021 11:14:15,26.8811765,88.8043469
14/06/2021 11:14:16,26.8811764,88.804347
14/06/2021 11:14:16,26.8811764,88.804347
14/06/2021 11:14:17,26.8811764,88.8043473
14/06/2021 11:14:17,26.8811764,88.8043473
14/06/2021 11:14:18,26.8811764,88.8043475
14/06/2021 11:14:18,26.8811764,88.8043475
14/06/2021 11:14:19,26.8811764,88.8043478
14/06/2021 11:14:19,26.8811764,88.8043478
14/06/2021 11:14:20,26.8811764,88.8043479
14/06/2021 11:14:20,26.8811764,88.8043479
14/06/2021 11:14:21,26.8811764,88.8043479
14/06/2021 11:14:21,26.8811764,88.8043479
14/06/2021 11:14:22,26.8811764,88.8043481
14/06/2021 11:14:22,26.8811764,88.8043481
14/06/2021 11:14:23,26.8811764,88.8043482
14/06/2021 11:14:23,26.8811764,88.8043482
14/06/2021 11:14:24,26.8811765,88.8043483
14/06/2021 11:14:24,26.8811765,88.8043483
14/06/2021 11:14:25,26.8811764,88.8043481
14/06/2021 11:14:25,26.8811764,88.8043481
14/06/2021 11:14:26,26.8811764,88.804348
14/06/2021 11:14:26,26.8811764,88.804348
14/06/2021 11:14:27,26.8811763,88.8043475
14/06/2021 11:14:27,26.8811763,88.8043475
14/06/2021 11:14:28,26.8811763,88.8043475
14/06/2021 11:14:28,26.8811763,88.8043475
14/06/2021 11:14:29,26.8811763,88.8043475
14/06/2021 11:14:29,26.8811763,88.8043475
14/06/2021 11:14:30,26.8811763,88.8043475
14/06/2021 11:14:30,26.8811763,88.8043475
14/06/2021 11:14:31,26.8811763,88.8043474
14/06/2021 11:14:31,26.8811763,88.8043474
14/06/2021 11:14:32,26.8811763,88.8043472
14/06/2021 11:14:32,26.8811763,88.8043472
14/06/2021 11:14:33,26.8811763,88.8043472
14/06/2021 11:14:33,26.8811763,88.8043472
14/06/2021 11:14:34,26.8811763,88.8043471
14/06/2021 11:14:34,26.8811763,88.8043471
14/06/2021 11:14:35,26.8811764,88.8043471
14/06/2021 11:14:35,26.8811764,88.8043471
14/06/2021 11:14:36,26.8811764,88.8043472
14/06/2021 11:14:36,26.8811764,88.8043472
14/06/2021 11:14:37,26.8811764,88.8043473
14/06/2021 11:14:37,26.8811764,88.8043473
14/06/2021 11:14:38,26.8811764,88.8043475
14/06/2021 11:14:38,26.8811764,88.8043475
14/06/2021 11:14:39,26.8811764,88.8043476
14/06/2021 11:14:39,26.8811764,88.8043476
14/06/2021 11:14:40,26.8811764,88.8043476
14/06/2021 11:14:40,26.8811764,88.8043476
14/06/2021 11:14:41,26.8811764,88.8043471
14/06/2021 11:14:41,26.8811764,88.8043471
14/06/2021 11:14:42,26.8811765,88.8043468
14/06/2021 11:14:42,26.8811765,88.8043468
14/06/2021 11:14:43,26.8811765,88.8043466
14/06/2021 11:14:43,26.8811765,88.8043466
14/06/2021 11:14:44,26.8811765,88.8043466
14/06/2021 11:14:44,26.8811765,88.8043466
14/06/2021 11:14:45,26.8811765,88.8043466
14/06/2021 11:14:45,26.8811765,88.8043466
14/06/2021 11:14:46,26.8811765,88.8043466
14/06/2021 11:14:46,26.8811765,88.8043466
14/06/2021 11:14:47,26.8811765,88.8043466
14/06/2021 11:14:47,26.8811765,88.8043466
14/06/2021 11:14:48,26.8811765,88.8043466
14/06/2021 11:14:48,26.8811765,88.8043466
14/06/2021 11:14:49,26.8811765,88.8043466
14/06/2021 11:14:49,26.8811765,88.8043466
14/06/2021 11:14:50,26.8811766,88.8043458
14/06/2021 11:14:50,26.8811766,88.8043458
14/06/2021 11:14:51,26.8811766,88.8043454
14/06/2021 11:14:51,26.8811766,88.8043454
14/06/2021 11:14:52,26.8811767,88.8043445
14/06/2021 11:14:52,26.8811767,88.8043445
14/06/2021 11:14:53,26.8811767,88.804344
14/06/2021 11:14:53,26.8811767,88.8043439
14/06/2021 11:14:54,26.8811767,88.8043438
14/06/2021 11:14:54,26.8811767,88.8043438
14/06/2021 11:14:55,26.8811767,88.8043437
14/06/2021 11:14:55,26.8811767,88.8043437
14/06/2021 11:14:56,26.8811767,88.8043435
14/06/2021 11:14:56,26.8811767,88.8043435
14/06/2021 11:14:57,26.8811767,88.8043436
14/06/2021 11:14:57,26.8811767,88.8043436
14/06/2021 11:14:58,26.8811767,88.8043435
14/06/2021 11:14:58,26.8811767,88.8043436
14/06/2021 11:14:59,26.8811767,88.8043435
14/06/2021 11:14:59,26.8811767,88.8043435
14/06/2021 11:15:00,26.8811766,88.8043434
14/06/2021 11:15:00,26.8811766,88.8043434
14/06/2021 11:15:01,26.8811766,88.8043433
14/06/2021 11:15:01,26.8811766,88.8043433
14/06/2021 11:15:02,26.8811766,88.8043432
14/06/2021 11:15:02,26.8811766,88.8043432
14/06/2021 11:15:03,26.8811766,88.804343
14/06/2021 11:15:03,26.8811766,88.804343
14/06/2021 11:15:04,26.8811766,88.8043429
14/06/2021 11:15:04,26.8811766,88.8043429
14/06/2021 11:15:05,26.8811766,88.8043429
14/06/2021 11:15:05,26.8811766,88.8043429
14/06/2021 11:15:06,26.8811765,88.8043428
14/06/2021 11:15:06,26.8811765,88.8043428
14/06/2021 11:15:07,26.8811765,88.8043427
14/06/2021 11:15:07,26.8811765,88.8043427
14/06/2021 11:15:08,26.8811765,88.8043425
14/06/2021 11:15:08,26.8811765,88.8043425
14/06/2021 11:15:09,26.8811765,88.8043424
14/06/2021 11:15:09,26.8811765,88.8043424
14/06/2021 11:15:10,26.8811765,88.8043423
14/06/2021 11:15:10,26.8811765,88.8043423
14/06/2021 11:15:11,26.8811765,88.8043422
14/06/2021 11:15:11,26.8811765,88.8043422
14/06/2021 11:15:12,26.8811765,88.8043421
14/06/2021 11:15:12,26.8811765,88.8043421
14/06/2021 11:15:13,26.8811765,88.804342
14/06/2021 11:15:13,26.8811765,88.804342
14/06/2021 11:15:14,26.8811765,88.804342
14/06/2021 11:15:14,26.8811765,88.804342
14/06/2021 11:15:15,26.8811764,88.804342
14/06/2021 11:15:15,26.8811764,88.804342
14/06/2021 11:15:16,26.8811764,88.8043421
14/06/2021 11:15:16,26.8811764,88.8043421
14/06/2021 11:15:17,26.8811764,88.8043422
14/06/2021 11:15:17,26.8811764,88.8043422
14/06/2021 11:15:18,26.8811764,88.8043423
14/06/2021 11:15:18,26.8811764,88.8043423
14/06/2021 11:15:19,26.8811764,88.8043425
14/06/2021 11:15:19,26.8811764,88.8043425
14/06/2021 11:15:20,26.8811764,88.8043425
14/06/2021 11:15:20,26.8811764,88.8043425
14/06/2021 11:15:21,26.8811764,88.8043424
14/06/2021 11:15:21,26.8811764,88.8043424
14/06/2021 11:15:22,26.8811764,88.8043426
14/06/2021 11:15:22,26.8811764,88.8043426
14/06/2021 11:15:23,26.8811764,88.8043427
14/06/2021 11:15:23,26.8811764,88.8043427
14/06/2021 11:15:24,26.8811764,88.8043428
14/06/2021 11:15:24,26.8811764,88.8043428
14/06/2021 11:15:25,26.8811764,88.8043428
14/06/2021 11:15:25,26.8811764,88.8043428
14/06/2021 11:15:26,26.8811765,88.8043428
14/06/2021 11:15:26,26.8811765,88.8043428
14/06/2021 11:15:27,26.8811765,88.8043428
14/06/2021 11:15:27,26.8811765,88.8043428
14/06/2021 11:15:28,26.8811765,88.8043429
14/06/2021 11:15:28,26.8811765,88.8043429
14/06/2021 11:15:29,26.8811765,88.8043429
14/06/2021 11:15:29,26.8811765,88.8043429
14/06/2021 11:15:30,26.8811766,88.804343
14/06/2021 11:15:30,26.8811766,88.804343
14/06/2021 11:15:31,26.8811766,88.8043431
14/06/2021 11:15:31,26.8811766,88.8043431
14/06/2021 11:15:32,26.8811766,88.8043432
14/06/2021 11:15:32,26.8811766,88.8043432
14/06/2021 11:15:33,26.8811766,88.8043432
14/06/2021 11:15:33,26.8811766,88.8043432
14/06/2021 11:15:34,26.8811766,88.8043432
14/06/2021 11:15:34,26.8811766,88.8043432
14/06/2021 11:15:35,26.8811766,88.8043432
14/06/2021 11:15:35,26.8811766,88.8043432
14/06/2021 11:15:36,26.8811767,88.8043432
14/06/2021 11:15:36,26.8811767,88.8043432
14/06/2021 11:15:37,26.8811767,88.8043433
14/06/2021 11:15:37,26.8811767,88.8043433
14/06/2021 11:15:38,26.8811767,88.8043434
14/06/2021 11:15:38,26.8811767,88.8043434
14/06/2021 11:15:39,26.8811767,88.8043434
14/06/2021 11:15:39,26.8811767,88.8043434
14/06/2021 11:15:40,26.8811767,88.8043435
14/06/2021 11:15:40,26.8811767,88.8043435
14/06/2021 11:15:41,26.8811767,88.8043436
14/06/2021 11:15:41,26.8811767,88.8043436
14/06/2021 11:15:42,26.8811767,88.8043436
14/06/2021 11:15:42,26.8811767,88.8043436
14/06/2021 11:15:43,26.8811767,88.8043436
14/06/2021 11:15:43,26.8811767,88.8043436
14/06/2021 11:15:44,26.8811767,88.8043436
14/06/2021 11:15:44,26.8811767,88.8043436
14/06/2021 11:15:45,26.8811767,88.8043437
14/06/2021 11:15:45,26.8811767,88.8043437
14/06/2021 11:15:46,26.8811767,88.8043438
14/06/2021 11:15:46,26.8811767,88.8043438
14/06/2021 11:15:47,26.8811767,88.8043437
14/06/2021 11:15:47,26.8811767,88.8043437
14/06/2021 11:15:48,26.8811767,88.8043437
14/06/2021 11:15:48,26.8811767,88.8043437
14/06/2021 11:15:49,26.8811767,88.8043437
14/06/2021 11:15:49,26.8811767,88.8043437
14/06/2021 11:15:50,26.8811767,88.8043436
14/06/2021 11:15:50,26.8811767,88.8043436
14/06/2021 11:15:51,26.8811767,88.8043436
14/06/2021 11:15:51,26.8811767,88.8043436
14/06/2021 11:15:52,26.8811767,88.8043435
14/06/2021 11:15:52,26.8811767,88.8043435
14/06/2021 11:15:53,26.8811768,88.8043436
14/06/2021 11:15:53,26.8811768,88.8043436
14/06/2021 11:15:54,26.8811768,88.8043436
14/06/2021 11:15:54,26.8811768,88.8043436
14/06/2021 11:15:55,26.8811768,88.8043436
14/06/2021 11:15:55,26.8811768,88.8043436
14/06/2021 11:15:56,26.8811768,88.8043435
14/06/2021 11:15:56,26.8811768,88.8043435
14/06/2021 11:15:57,26.8811768,88.8043435
14/06/2021 11:15:57,26.8811768,88.8043435
14/06/2021 11:15:58,26.8811768,88.8043434
14/06/2021 11:15:58,26.8811768,88.8043434
14/06/2021 11:15:59,26.8811768,88.8043433
14/06/2021 11:15:59,26.8811768,88.8043433
14/06/2021 11:16:00,26.8811768,88.8043432
14/06/2021 11:16:00,26.8811768,88.8043432
14/06/2021 11:16:01,26.8811768,88.8043432
14/06/2021 11:16:01,26.8811768,88.8043432
14/06/2021 11:16:02,26.8811768,88.8043432
14/06/2021 11:16:02,26.8811768,88.8043432
14/06/2021 11:16:03,26.8811768,88.8043431
14/06/2021 11:16:03,26.8811768,88.8043431
14/06/2021 11:16:04,26.8811768,88.8043431
14/06/2021 11:16:04,26.8811768,88.8043431
14/06/2021 11:16:05,26.8811768,88.8043431
14/06/2021 11:16:05,26.8811768,88.8043431
14/06/2021 11:16:06,26.8811768,88.804343
14/06/2021 11:16:06,26.8811768,88.804343
14/06/2021 11:16:07,26.8811768,88.804343
14/06/2021 11:16:07,26.8811768,88.804343
14/06/2021 11:16:08,26.8811768,88.804343
14/06/2021 11:16:08,26.8811768,88.804343
14/06/2021 11:16:09,26.8811768,88.804343
14/06/2021 11:16:09,26.8811768,88.804343
14/06/2021 11:16:10,26.8811769,88.8043431
14/06/2021 11:16:10,26.8811769,88.8043431
14/06/2021 11:16:11,26.8811769,88.804343
14/06/2021 11:16:11,26.8811769,88.804343
14/06/2021 11:16:12,26.8811769,88.8043429
14/06/2021 11:16:12,26.8811769,88.8043429
14/06/2021 11:16:13,26.8811769,88.8043429
14/06/2021 11:16:13,26.8811769,88.8043429
14/06/2021 11:16:14,26.8811769,88.8043428
14/06/2021 11:16:14,26.8811769,88.8043428
14/06/2021 11:16:15,26.8811769,88.8043428
14/06/2021 11:16:15,26.8811769,88.8043428
14/06/2021 11:16:16,26.8811768,88.8043427
14/06/2021 11:16:16,26.8811768,88.8043427
14/06/2021 11:16:17,26.8811769,88.8043426
14/06/2021 11:16:17,26.8811769,88.8043426
14/06/2021 11:16:18,26.8811768,88.8043426
14/06/2021 11:16:18,26.8811768,88.8043426
14/06/2021 11:16:19,26.8811768,88.8043426
14/06/2021 11:16:19,26.8811768,88.8043426
14/06/2021 11:16:20,26.8811768,88.8043427
14/06/2021 11:16:20,26.8811768,88.8043427
14/06/2021 11:16:21,26.8811768,88.8043426
14/06/2021 11:16:21,26.8811768,88.8043426
14/06/2021 11:16:22,26.8811768,88.8043425
14/06/2021 11:16:22,26.8811768,88.8043425
14/06/2021 11:16:23,26.8811768,88.8043424
14/06/2021 11:16:23,26.8811768,88.8043424
14/06/2021 11:16:24,26.8811768,88.8043424
14/06/2021 11:16:24,26.8811768,88.8043424
14/06/2021 11:16:25,26.8811768,88.8043424
14/06/2021 11:16:25,26.8811768,88.8043424
14/06/2021 11:16:26,26.8811768,88.8043424
14/06/2021 11:16:26,26.8811768,88.8043424
14/06/2021 11:16:27,26.8811768,88.8043422
14/06/2021 11:16:27,26.8811768,88.8043422
14/06/2021 11:16:28,26.8811767,88.8043421
14/06/2021 11:16:28,26.8811767,88.8043421
14/06/2021 11:16:29,26.8811767,88.804342
14/06/2021 11:16:29,26.8811767,88.804342
14/06/2021 11:16:30,26.8811767,88.804342
14/06/2021 11:16:30,26.8811767,88.804342
14/06/2021 11:16:31,26.8811767,88.804342
14/06/2021 11:16:31,26.8811767,88.804342
14/06/2021 11:16:32,26.8811768,88.804342
14/06/2021 11:16:32,26.8811768,88.804342
14/06/2021 11:16:33,26.8811768,88.804342
14/06/2021 11:16:33,26.8811768,88.804342
14/06/2021 11:16:34,26.8811767,88.8043419
14/06/2021 11:16:34,26.8811767,88.8043419
14/06/2021 11:16:35,26.8811767,88.8043417
14/06/2021 11:16:35,26.8811767,88.8043417
14/06/2021 11:16:36,26.8811767,88.8043417
14/06/2021 11:16:36,26.8811767,88.8043417
14/06/2021 11:16:37,26.8811767,88.8043417
14/06/2021 11:16:37,26.8811767,88.8043417
14/06/2021 11:16:38,26.8811767,88.8043417
14/06/2021 11:16:38,26.8811767,88.8043417
14/06/2021 11:16:39,26.8811767,88.8043417
14/06/2021 11:16:39,26.8811767,88.8043417
14/06/2021 11:16:40,26.8811766,88.8043416
14/06/2021 11:16:40,26.8811766,88.8043416
14/06/2021 11:16:41,26.8811766,88.8043415
14/06/2021 11:16:41,26.8811766,88.8043415
14/06/2021 11:16:42,26.8811766,88.8043415
14/06/2021 11:16:42,26.8811766,88.8043415
14/06/2021 11:16:43,26.8811767,88.8043415
14/06/2021 11:16:43,26.8811767,88.8043415
14/06/2021 11:16:44,26.8811767,88.8043416
14/06/2021 11:16:44,26.8811767,88.8043416
14/06/2021 11:16:45,26.8811767,88.8043415
14/06/2021 11:16:45,26.8811767,88.8043415
14/06/2021 11:16:46,26.8811767,88.8043415
14/06/2021 11:16:46,26.8811767,88.8043415
14/06/2021 11:16:47,26.8811767,88.8043415
14/06/2021 11:16:47,26.8811767,88.8043415
14/06/2021 11:16:48,26.8811767,88.8043415
14/06/2021 11:16:48,26.8811767,88.8043415
14/06/2021 11:16:49,26.8811767,88.8043415
14/06/2021 11:16:49,26.8811767,88.8043415
14/06/2021 11:16:50,26.8811767,88.8043415
14/06/2021 11:16:50,26.8811767,88.8043415
14/06/2021 11:16:51,26.8811767,88.8043415
14/06/2021 11:16:51,26.8811767,88.8043415
14/06/2021 11:16:52,26.8811767,88.8043416
14/06/2021 11:16:52,26.8811767,88.8043416
14/06/2021 11:16:53,26.8811767,88.8043417
14/06/2021 11:16:53,26.8811767,88.8043417
14/06/2021 11:16:54,26.8811767,88.8043417
14/06/2021 11:16:54,26.8811767,88.8043417
14/06/2021 11:16:55,26.8811767,88.8043418
14/06/2021 11:16:55,26.8811767,88.8043418
14/06/2021 11:16:56,26.8811768,88.8043419
14/06/2021 11:16:56,26.8811768,88.8043419
14/06/2021 11:16:57,26.8811767,88.8043421
14/06/2021 11:16:57,26.8811767,88.8043421
14/06/2021 11:16:58,26.8811768,88.8043421
14/06/2021 11:16:58,26.8811768,88.8043421
14/06/2021 11:16:59,26.8811768,88.8043422
14/06/2021 11:16:59,26.8811768,88.8043422
14/06/2021 11:17:00,26.8811768,88.8043422
14/06/2021 11:17:00,26.8811768,88.8043422
14/06/2021 11:17:01,26.8811768,88.8043424
14/06/2021 11:17:01,26.8811768,88.8043424
14/06/2021 11:17:02,26.8811768,88.8043424
14/06/2021 11:17:02,26.8811768,88.8043424
14/06/2021 11:17:03,26.8811768,88.8043424
14/06/2021 11:17:03,26.8811768,88.8043424
14/06/2021 11:17:04,26.8811768,88.8043425
14/06/2021 11:17:04,26.8811768,88.8043425
14/06/2021 11:17:05,26.8811768,88.8043425
14/06/2021 11:17:05,26.8811768,88.8043425
14/06/2021 11:17:06,26.8811768,88.8043425
14/06/2021 11:17:06,26.8811768,88.8043425
14/06/2021 11:17:07,26.8811768,88.8043424
14/06/2021 11:17:07,26.8811768,88.8043424
14/06/2021 11:17:08,26.8811768,88.8043424
14/06/2021 11:17:08,26.8811768,88.8043424
14/06/2021 11:17:09,26.8811768,88.8043424
14/06/2021 11:17:09,26.8811768,88.8043424
14/06/2021 11:17:10,26.8811768,88.8043424
14/06/2021 11:17:10,26.8811768,88.8043424
14/06/2021 11:17:11,26.8811768,88.8043424
14/06/2021 11:17:11,26.8811768,88.8043424
14/06/2021 11:17:12,26.8811768,88.8043424
14/06/2021 11:17:12,26.8811768,88.8043424
14/06/2021 11:17:13,26.8811768,88.8043424
14/06/2021 11:17:13,26.8811768,88.8043424
14/06/2021 11:17:14,26.8811768,88.8043426
14/06/2021 11:17:14,26.8811768,88.8043426
14/06/2021 11:17:15,26.8811768,88.8043427
14/06/2021 11:17:15,26.8811768,88.8043427
14/06/2021 11:17:16,26.8811768,88.8043427
14/06/2021 11:17:16,26.8811768,88.8043427
14/06/2021 11:17:17,26.8811769,88.8043427
14/06/2021 11:17:17,26.8811769,88.8043427
14/06/2021 11:17:18,26.8811769,88.8043428
14/06/2021 11:17:18,26.8811769,88.8043428
14/06/2021 11:17:19,26.8811769,88.8043427
14/06/2021 11:17:19,26.8811769,88.8043427
14/06/2021 11:17:20,26.8811769,88.8043427
14/06/2021 11:17:20,26.8811769,88.8043427
14/06/2021 11:17:21,26.881177,88.8043428
14/06/2021 11:17:21,26.881177,88.8043428
14/06/2021 11:17:22,26.881177,88.8043427
14/06/2021 11:17:22,26.881177,88.8043427
14/06/2021 11:17:23,26.881177,88.8043427
14/06/2021 11:17:23,26.881177,88.8043427
14/06/2021 11:17:24,26.881177,88.8043426
14/06/2021 11:17:24,26.881177,88.8043426
14/06/2021 11:17:25,26.881177,88.8043426
14/06/2021 11:17:25,26.881177,88.8043426
14/06/2021 11:17:26,26.8811771,88.8043425
14/06/2021 11:17:26,26.8811771,88.8043425
14/06/2021 11:17:27,26.8811771,88.8043424
14/06/2021 11:17:27,26.8811771,88.8043424
14/06/2021 11:17:28,26.8811771,88.8043424
14/06/2021 11:17:28,26.8811771,88.8043424
14/06/2021 11:17:29,26.8811771,88.8043424
14/06/2021 11:17:29,26.8811771,88.8043424
14/06/2021 11:17:30,26.8811771,88.8043424
14/06/2021 11:17:30,26.8811771,88.8043424
14/06/2021 11:17:31,26.8811771,88.8043423
14/06/2021 11:17:31,26.8811771,88.8043423
14/06/2021 11:17:32,26.881177,88.8043423
14/06/2021 11:17:32,26.881177,88.8043423
14/06/2021 11:17:33,26.8811771,88.8043423
14/06/2021 11:17:33,26.8811771,88.8043423
14/06/2021 11:17:34,26.881177,88.8043422
14/06/2021 11:17:34,26.881177,88.8043422
14/06/2021 11:17:35,26.881177,88.8043422
14/06/2021 11:17:35,26.881177,88.8043422
14/06/2021 11:17:36,26.881177,88.8043421
14/06/2021 11:17:36,26.881177,88.8043421
14/06/2021 11:17:37,26.881177,88.8043421
14/06/2021 11:17:37,26.881177,88.8043421
14/06/2021 11:17:38,26.881177,88.8043421
14/06/2021 11:17:38,26.881177,88.8043421
14/06/2021 11:17:39,26.881177,88.8043421
14/06/2021 11:17:39,26.881177,88.8043421
14/06/2021 11:17:40,26.881177,88.8043421
14/06/2021 11:17:40,26.881177,88.8043421
14/06/2021 11:17:41,26.881177,88.8043421
14/06/2021 11:17:41,26.881177,88.8043421
14/06/2021 11:17:42,26.881177,88.8043421
14/06/2021 11:17:42,26.881177,88.8043421
14/06/2021 11:17:43,26.881177,88.8043421
14/06/2021 11:17:43,26.881177,88.8043421
14/06/2021 11:17:44,26.881177,88.804342
14/06/2021 11:17:44,26.881177,88.804342
14/06/2021 11:17:45,26.881177,88.804342
14/06/2021 11:17:45,26.881177,88.804342
14/06/2021 11:17:46,26.881177,88.804342
14/06/2021 11:17:46,26.881177,88.804342
14/06/2021 11:17:47,26.881177,88.8043421
14/06/2021 11:17:47,26.881177,88.8043421
14/06/2021 11:17:48,26.881177,88.804342
14/06/2021 11:17:48,26.881177,88.804342
14/06/2021 11:17:49,26.881177,88.804342
14/06/2021 11:17:49,26.881177,88.804342
14/06/2021 11:17:50,26.881177,88.804342
14/06/2021 11:17:50,26.881177,88.804342
14/06/2021 11:17:51,26.881177,88.804342
14/06/2021 11:17:51,26.881177,88.804342
14/06/2021 11:17:52,26.8811771,88.8043421
14/06/2021 11:17:52,26.8811771,88.8043421
14/06/2021 11:17:53,26.8811771,88.8043421
14/06/2021 11:17:53,26.8811771,88.8043421
14/06/2021 11:17:54,26.8811771,88.8043422
14/06/2021 11:17:54,26.8811771,88.8043422
14/06/2021 11:17:55,26.8811771,88.8043423
14/06/2021 11:17:55,26.8811771,88.8043423
14/06/2021 11:17:56,26.8811771,88.8043423
14/06/2021 11:17:56,26.8811771,88.8043423
14/06/2021 11:17:57,26.8811771,88.8043424
14/06/2021 11:17:57,26.8811771,88.8043424
14/06/2021 11:17:58,26.8811771,88.8043424
14/06/2021 11:17:58,26.8811771,88.8043424
14/06/2021 11:17:59,26.8811772,88.8043425
14/06/2021 11:17:59,26.8811772,88.8043425
14/06/2021 11:18:00,26.8811772,88.8043426
14/06/2021 11:18:00,26.8811772,88.8043426
14/06/2021 11:18:01,26.8811772,88.8043427
14/06/2021 11:18:01,26.8811772,88.8043427
14/06/2021 11:18:02,26.8811772,88.8043427
14/06/2021 11:18:02,26.8811772,88.8043427
14/06/2021 11:18:03,26.8811772,88.8043427
14/06/2021 11:18:03,26.8811772,88.8043427
14/06/2021 11:18:04,26.8811772,88.8043428
14/06/2021 11:18:04,26.8811772,88.8043428
14/06/2021 11:18:05,26.8811772,88.8043428
14/06/2021 11:18:05,26.8811772,88.8043428
14/06/2021 11:18:06,26.8811773,88.8043428
14/06/2021 11:18:06,26.8811773,88.8043428
14/06/2021 11:18:07,26.8811773,88.8043429
14/06/2021 11:18:07,26.8811773,88.8043429
14/06/2021 11:18:08,26.8811773,88.804343
14/06/2021 11:18:08,26.8811773,88.804343
14/06/2021 11:18:09,26.8811773,88.8043431
14/06/2021 11:18:09,26.8811773,88.8043431
14/06/2021 11:18:10,26.8811773,88.8043432
14/06/2021 11:18:10,26.8811773,88.8043432
14/06/2021 11:18:11,26.8811773,88.8043434
14/06/2021 11:18:11,26.8811773,88.8043434
14/06/2021 11:18:12,26.8811773,88.8043435
14/06/2021 11:18:12,26.8811773,88.8043435
14/06/2021 11:18:13,26.8811774,88.8043437
14/06/2021 11:18:13,26.8811774,88.8043437
14/06/2021 11:18:14,26.8811773,88.8043439
14/06/2021 11:18:14,26.8811773,88.8043439
14/06/2021 11:18:15,26.8811773,88.804344
14/06/2021 11:18:15,26.8811773,88.804344
14/06/2021 11:18:16,26.8811773,88.8043441
14/06/2021 11:18:16,26.8811773,88.8043441
14/06/2021 11:18:17,26.8811773,88.804344
14/06/2021 11:18:17,26.8811773,88.804344
14/06/2021 11:18:18,26.8811773,88.804344
14/06/2021 11:18:18,26.8811773,88.804344
14/06/2021 11:18:19,26.8811773,88.804344
14/06/2021 11:18:19,26.8811773,88.804344
14/06/2021 11:18:20,26.8811773,88.804344
14/06/2021 11:18:20,26.8811773,88.804344
14/06/2021 11:18:21,26.8811773,88.8043439
14/06/2021 11:18:21,26.8811773,88.8043439
14/06/2021 11:18:22,26.8811773,88.8043438
14/06/2021 11:18:22,26.8811773,88.8043438
14/06/2021 11:18:23,26.8811772,88.8043439
14/06/2021 11:18:23,26.8811772,88.8043439
14/06/2021 11:18:24,26.8811772,88.8043438
14/06/2021 11:18:24,26.8811772,88.8043438
14/06/2021 11:18:25,26.8811772,88.8043438
14/06/2021 11:18:25,26.8811772,88.8043438
14/06/2021 11:18:26,26.8811772,88.8043439
14/06/2021 11:18:26,26.8811772,88.8043439
14/06/2021 11:18:27,26.8811772,88.8043439
14/06/2021 11:18:27,26.8811772,88.8043439
14/06/2021 11:18:28,26.8811772,88.804344
14/06/2021 11:18:28,26.8811772,88.804344
14/06/2021 11:18:29,26.8811772,88.804344
14/06/2021 11:18:29,26.8811772,88.804344
14/06/2021 11:18:30,26.8811772,88.8043441
14/06/2021 11:18:30,26.8811772,88.8043441
14/06/2021 11:18:31,26.8811772,88.8043443
14/06/2021 11:18:31,26.8811772,88.8043443
14/06/2021 11:18:32,26.8811772,88.8043443
14/06/2021 11:18:32,26.8811772,88.8043443
14/06/2021 11:18:33,26.8811772,88.8043443
14/06/2021 11:18:33,26.8811772,88.8043443
14/06/2021 11:18:34,26.8811772,88.8043442
14/06/2021 11:18:34,26.8811772,88.8043441
14/06/2021 11:18:35,26.8811772,88.8043442
14/06/2021 11:18:35,26.8811772,88.8043442
14/06/2021 11:18:36,26.8811772,88.8043441
14/06/2021 11:18:36,26.8811772,88.8043441
14/06/2021 11:18:37,26.8811772,88.804344
14/06/2021 11:18:37,26.8811772,88.804344
14/06/2021 11:18:38,26.8811772,88.804344
14/06/2021 11:18:38,26.8811772,88.804344
14/06/2021 11:18:39,26.8811772,88.804344
14/06/2021 11:18:39,26.8811772,88.804344
14/06/2021 11:18:40,26.8811772,88.804344
14/06/2021 11:18:40,26.8811772,88.804344
14/06/2021 11:18:41,26.8811771,88.804344
14/06/2021 11:18:41,26.8811771,88.804344
14/06/2021 11:18:42,26.8811771,88.804344
14/06/2021 11:18:42,26.8811771,88.804344
14/06/2021 11:18:43,26.8811771,88.8043439
14/06/2021 11:18:43,26.8811771,88.8043439
14/06/2021 11:18:44,26.8811771,88.8043437
14/06/2021 11:18:44,26.8811771,88.8043436
14/06/2021 11:18:45,26.8811771,88.8043436
14/06/2021 11:18:45,26.8811771,88.8043436
14/06/2021 11:18:46,26.8811771,88.8043436
14/06/2021 11:18:46,26.8811771,88.8043436
14/06/2021 11:18:47,26.8811771,88.8043437
14/06/2021 11:18:47,26.8811771,88.8043437
14/06/2021 11:18:48,26.881177,88.8043437
14/06/2021 11:18:48,26.881177,88.8043437
14/06/2021 11:18:49,26.881177,88.8043437
14/06/2021 11:18:49,26.881177,88.8043437
14/06/2021 11:18:50,26.881177,88.8043437
14/06/2021 11:18:50,26.881177,88.8043437
14/06/2021 11:18:51,26.881177,88.8043437
14/06/2021 11:18:51,26.881177,88.8043437
14/06/2021 11:18:52,26.881177,88.8043436
14/06/2021 11:18:52,26.881177,88.8043436
14/06/2021 11:18:53,26.881177,88.8043434
14/06/2021 11:18:53,26.881177,88.8043434
14/06/2021 11:18:54,26.881177,88.8043433
14/06/2021 11:18:54,26.881177,88.8043432
14/06/2021 11:18:55,26.881177,88.8043432
14/06/2021 11:18:55,26.881177,88.8043432
14/06/2021 11:18:56,26.881177,88.8043432
14/06/2021 11:18:56,26.881177,88.8043432
14/06/2021 11:18:57,26.881177,88.8043432
14/06/2021 11:18:57,26.881177,88.8043432
14/06/2021 11:18:58,26.881177,88.8043431
14/06/2021 11:18:58,26.881177,88.8043431
14/06/2021 11:18:59,26.881177,88.8043431
14/06/2021 11:18:59,26.881177,88.8043431
14/06/2021 11:19:00,26.881177,88.8043431
14/06/2021 11:19:00,26.881177,88.8043431
14/06/2021 11:19:01,26.881177,88.804343
14/06/2021 11:19:01,26.881177,88.804343
14/06/2021 11:19:02,26.881177,88.8043429
14/06/2021 11:19:02,26.881177,88.8043429
14/06/2021 11:19:03,26.881177,88.8043429
14/06/2021 11:19:03,26.881177,88.8043429
14/06/2021 11:19:04,26.881177,88.8043428
14/06/2021 11:19:04,26.881177,88.8043428
14/06/2021 11:19:05,26.881177,88.8043427
14/06/2021 11:19:05,26.881177,88.8043427
14/06/2021 11:19:06,26.881177,88.8043427
14/06/2021 11:19:06,26.881177,88.8043427
14/06/2021 11:19:07,26.881177,88.8043427
14/06/2021 11:19:07,26.881177,88.8043427
14/06/2021 11:19:08,26.881177,88.8043427
14/06/2021 11:19:08,26.881177,88.8043427
14/06/2021 11:19:09,26.881177,88.8043427
14/06/2021 11:19:09,26.881177,88.8043428
14/06/2021 11:19:10,26.881177,88.8043427
14/06/2021 11:19:10,26.881177,88.8043427
14/06/2021 11:19:11,26.881177,88.8043427
14/06/2021 11:19:11,26.881177,88.8043427
14/06/2021 11:19:12,26.881177,88.8043428
14/06/2021 11:19:12,26.881177,88.8043428
14/06/2021 11:19:13,26.881177,88.8043427
14/06/2021 11:19:13,26.881177,88.8043427
14/06/2021 11:19:14,26.881177,88.8043427
14/06/2021 11:19:14,26.881177,88.8043427
14/06/2021 11:19:15,26.881177,88.8043426
14/06/2021 11:19:15,26.881177,88.8043426
14/06/2021 11:19:16,26.881177,88.8043425
14/06/2021 11:19:16,26.881177,88.8043425
14/06/2021 11:19:17,26.881177,88.8043424
14/06/2021 11:19:17,26.881177,88.8043424
14/06/2021 11:19:18,26.8811771,88.8043422
14/06/2021 11:19:18,26.8811771,88.8043422
14/06/2021 11:19:19,26.8811771,88.8043421
14/06/2021 11:19:19,26.8811771,88.8043421
14/06/2021 11:19:20,26.8811771,88.804342
14/06/2021 11:19:20,26.8811771,88.804342
14/06/2021 11:19:21,26.8811771,88.8043419
14/06/2021 11:19:21,26.8811771,88.8043419
14/06/2021 11:19:22,26.8811771,88.8043417
14/06/2021 11:19:22,26.8811771,88.8043417
14/06/2021 11:19:23,26.8811771,88.8043415
14/06/2021 11:19:23,26.8811771,88.8043415
14/06/2021 11:19:24,26.8811771,88.8043414
14/06/2021 11:19:24,26.8811771,88.8043414
14/06/2021 11:19:25,26.8811771,88.8043413
14/06/2021 11:19:25,26.8811771,88.8043413
14/06/2021 11:19:26,26.8811771,88.804341
14/06/2021 11:19:26,26.8811771,88.804341
14/06/2021 11:19:27,26.8811771,88.8043408
14/06/2021 11:19:27,26.8811771,88.8043408
14/06/2021 11:19:28,26.8811771,88.8043406
14/06/2021 11:19:28,26.8811771,88.8043406
14/06/2021 11:19:29,26.8811771,88.8043405
14/06/2021 11:19:29,26.8811771,88.8043405
14/06/2021 11:19:30,26.8811771,88.8043403
14/06/2021 11:19:30,26.8811771,88.8043403
14/06/2021 11:19:31,26.8811772,88.8043402
14/06/2021 11:19:31,26.8811772,88.8043402
14/06/2021 11:19:32,26.8811771,88.8043399
14/06/2021 11:19:32,26.8811771,88.8043399
14/06/2021 11:19:33,26.8811771,88.8043397
14/06/2021 11:19:33,26.8811771,88.8043397
14/06/2021 11:19:34,26.8811772,88.8043396
14/06/2021 11:19:34,26.8811772,88.8043396
14/06/2021 11:19:35,26.8811772,88.8043395
14/06/2021 11:19:35,26.8811772,88.8043395
14/06/2021 11:19:36,26.8811772,88.8043393
14/06/2021 11:19:36,26.8811772,88.8043393
14/06/2021 11:19:37,26.8811772,88.8043392
14/06/2021 11:19:37,26.8811772,88.8043392
14/06/2021 11:19:38,26.8811771,88.8043391
14/06/2021 11:19:38,26.8811771,88.8043391
14/06/2021 11:19:39,26.8811771,88.804339
14/06/2021 11:19:39,26.8811771,88.804339
14/06/2021 11:19:40,26.8811771,88.8043389
14/06/2021 11:19:40,26.8811771,88.8043389
14/06/2021 11:19:41,26.8811771,88.8043389
14/06/2021 11:19:41,26.8811771,88.8043389
14/06/2021 11:19:42,26.8811771,88.8043388
14/06/2021 11:19:42,26.8811771,88.8043388
14/06/2021 11:19:43,26.8811771,88.8043387
14/06/2021 11:19:43,26.8811771,88.8043387
14/06/2021 11:19:44,26.8811771,88.8043387
14/06/2021 11:19:44,26.8811771,88.8043387
14/06/2021 11:19:45,26.8811771,88.8043386
14/06/2021 11:19:45,26.8811771,88.8043386
14/06/2021 11:19:46,26.8811771,88.8043385
14/06/2021 11:19:46,26.8811771,88.8043385
14/06/2021 11:19:47,26.8811771,88.8043384
14/06/2021 11:19:47,26.8811771,88.8043384
14/06/2021 11:19:48,26.8811771,88.8043384
14/06/2021 11:19:48,26.8811771,88.8043384
14/06/2021 11:19:49,26.881177,88.8043383
14/06/2021 11:19:49,26.881177,88.8043383
14/06/2021 11:19:50,26.881177,88.8043382
14/06/2021 11:19:50,26.881177,88.8043382
14/06/2021 11:19:51,26.881177,88.8043382
14/06/2021 11:19:51,26.881177,88.8043382
14/06/2021 11:19:52,26.881177,88.804338
14/06/2021 11:19:52,26.881177,88.804338
14/06/2021 11:19:53,26.881177,88.804338
14/06/2021 11:19:53,26.881177,88.804338
14/06/2021 11:19:54,26.881177,88.8043379
14/06/2021 11:19:54,26.881177,88.8043379
14/06/2021 11:19:55,26.881177,88.8043378
14/06/2021 11:19:55,26.881177,88.8043378
14/06/2021 11:19:56,26.8811769,88.8043378
14/06/2021 11:19:56,26.8811769,88.8043378
14/06/2021 11:19:57,26.8811769,88.8043377
14/06/2021 11:19:57,26.8811769,88.8043377
14/06/2021 11:19:58,26.8811769,88.8043377
14/06/2021 11:19:58,26.8811769,88.8043377
14/06/2021 11:19:59,26.8811769,88.8043377
14/06/2021 11:19:59,26.8811769,88.8043377
14/06/2021 11:20:00,26.8811769,88.8043376
14/06/2021 11:20:00,26.8811769,88.8043376
14/06/2021 11:20:01,26.8811769,88.8043375
14/06/2021 11:20:01,26.8811769,88.8043375
14/06/2021 11:20:02,26.8811769,88.8043374
14/06/2021 11:20:02,26.8811769,88.8043374
14/06/2021 11:20:03,26.8811768,88.8043374
14/06/2021 11:20:03,26.8811768,88.8043374
14/06/2021 11:20:04,26.8811768,88.8043373
14/06/2021 11:20:04,26.8811768,88.8043373
14/06/2021 11:20:05,26.8811768,88.8043372
14/06/2021 11:20:05,26.8811768,88.8043372
14/06/2021 11:20:06,26.8811768,88.8043371
14/06/2021 11:20:06,26.8811768,88.8043371
14/06/2021 11:20:07,26.8811767,88.8043369
14/06/2021 11:20:07,26.8811767,88.8043369
14/06/2021 11:20:08,26.8811767,88.8043368
14/06/2021 11:20:08,26.8811767,88.8043368
14/06/2021 11:20:09,26.8811767,88.8043367
14/06/2021 11:20:09,26.8811767,88.8043367
14/06/2021 11:20:10,26.8811766,88.8043366
14/06/2021 11:20:10,26.8811766,88.8043366
14/06/2021 11:20:11,26.8811766,88.8043364
14/06/2021 11:20:11,26.8811766,88.8043364
14/06/2021 11:20:12,26.8811766,88.8043363
14/06/2021 11:20:12,26.8811766,88.8043363
14/06/2021 11:20:13,26.8811766,88.8043362
14/06/2021 11:20:13,26.8811766,88.8043362
14/06/2021 11:20:14,26.8811766,88.8043361
14/06/2021 11:20:14,26.8811766,88.8043361
14/06/2021 11:20:15,26.8811766,88.804336
14/06/2021 11:20:15,26.8811766,88.804336
14/06/2021 11:20:16,26.8811765,88.8043359
14/06/2021 11:20:16,26.8811765,88.8043359
14/06/2021 11:20:17,26.8811765,88.8043357
14/06/2021 11:20:17,26.8811765,88.8043357
14/06/2021 11:20:18,26.8811764,88.8043349
14/06/2021 11:20:18,26.8811764,88.8043349
14/06/2021 11:20:19,26.8811764,88.8043344
14/06/2021 11:20:19,26.8811764,88.8043344
14/06/2021 11:20:20,26.8811764,88.8043342
14/06/2021 11:20:20,26.8811764,88.8043342
14/06/2021 11:20:21,26.8811763,88.8043339
14/06/2021 11:20:21,26.8811763,88.8043339
14/06/2021 11:20:22,26.8811763,88.8043338
14/06/2021 11:20:22,26.8811763,88.8043338
14/06/2021 11:20:23,26.8811763,88.8043337
14/06/2021 11:20:23,26.8811763,88.8043337
14/06/2021 11:20:24,26.8811746,88.8043194
14/06/2021 11:20:24,26.8811746,88.8043194
14/06/2021 11:20:25,26.881172,88.8043089
14/06/2021 11:20:25,26.881172,88.8043089
14/06/2021 11:20:26,26.8811681,88.8043016
14/06/2021 11:20:26,26.8811681,88.8043016
14/06/2021 11:20:27,26.8811604,88.8042878
14/06/2021 11:20:27,26.8811604,88.8042878
14/06/2021 11:20:28,26.8811533,88.8042839
14/06/2021 11:20:28,26.8811533,88.8042839
14/06/2021 11:20:29,26.8811479,88.8042826
14/06/2021 11:20:29,26.8811479,88.8042826
14/06/2021 11:20:30,26.8811432,88.8042801
14/06/2021 11:20:30,26.8811432,88.8042801
14/06/2021 11:20:31,26.8811396,88.804275
14/06/2021 11:20:31,26.8811396,88.804275
14/06/2021 11:20:32,26.881139,88.8042696
14/06/2021 11:20:32,26.881139,88.8042696
14/06/2021 11:20:33,26.8811384,88.804263
14/06/2021 11:20:33,26.8811384,88.804263
14/06/2021 11:20:34,26.8811359,88.80426
14/06/2021 11:20:34,26.8811359,88.80426
14/06/2021 11:20:35,26.8811335,88.8042627
14/06/2021 11:20:35,26.8811335,88.8042627
14/06/2021 11:20:36,26.8811318,88.8042642
14/06/2021 11:20:36,26.8811318,88.8042642
14/06/2021 11:20:37,26.8811326,88.8042669
14/06/2021 11:20:37,26.8811326,88.8042669
14/06/2021 11:20:38,26.8811321,88.8042651
14/06/2021 11:20:38,26.8811321,88.8042651
14/06/2021 11:20:39,26.881132,88.8042651
14/06/2021 11:20:39,26.881132,88.8042651
14/06/2021 11:20:40,26.8811328,88.8042686
14/06/2021 11:20:40,26.8811328,88.8042686
14/06/2021 11:20:41,26.8811337,88.8042726
14/06/2021 11:20:41,26.8811337,88.8042726
14/06/2021 11:20:42,26.8811343,88.804277
14/06/2021 11:20:42,26.8811343,88.804277
14/06/2021 11:20:43,26.8811351,88.8042799
14/06/2021 11:20:43,26.8811351,88.8042799
14/06/2021 11:20:44,26.8811356,88.8042836
14/06/2021 11:20:44,26.8811356,88.8042836
14/06/2021 11:20:45,26.8811359,88.804285
14/06/2021 11:20:45,26.8811359,88.804285
14/06/2021 11:20:46,26.8811359,88.8042853
14/06/2021 11:20:46,26.8811359,88.8042853
14/06/2021 11:20:47,26.8811359,88.8042854
14/06/2021 11:20:47,26.8811359,88.8042854
14/06/2021 11:20:48,26.8811359,88.8042849
14/06/2021 11:20:48,26.8811359,88.8042849
14/06/2021 11:20:49,26.8811359,88.8042845
14/06/2021 11:20:49,26.8811359,88.8042845
14/06/2021 11:20:50,26.8811358,88.8042843
14/06/2021 11:20:50,26.8811358,88.8042843
14/06/2021 11:20:51,26.8811358,88.8042841
14/06/2021 11:20:51,26.8811358,88.8042841
14/06/2021 11:20:52,26.8811358,88.8042842
14/06/2021 11:20:52,26.8811358,88.8042842
14/06/2021 11:20:53,26.8811358,88.8042842
14/06/2021 11:20:53,26.8811358,88.8042842
14/06/2021 11:20:54,26.881136,88.8042841
14/06/2021 11:20:54,26.881136,88.8042841
14/06/2021 11:20:55,26.8811361,88.8042841
14/06/2021 11:20:55,26.8811361,88.8042841
14/06/2021 11:20:56,26.8811361,88.8042841
14/06/2021 11:20:56,26.8811361,88.8042841
14/06/2021 11:20:57,26.8811361,88.8042841
14/06/2021 11:20:57,26.8811361,88.8042841
14/06/2021 11:20:58,26.8811361,88.8042841
14/06/2021 11:20:58,26.8811361,88.8042841
14/06/2021 11:20:59,26.8811361,88.8042841
14/06/2021 11:20:59,26.8811361,88.8042841
14/06/2021 11:21:00,26.8811361,88.8042839
14/06/2021 11:21:00,26.8811361,88.8042839
14/06/2021 11:21:01,26.8811361,88.8042838
14/06/2021 11:21:01,26.8811361,88.8042838
14/06/2021 11:21:02,26.8811359,88.8042841
14/06/2021 11:21:02,26.8811359,88.8042841
14/06/2021 11:21:03,26.8811357,88.8042842
14/06/2021 11:21:03,26.8811357,88.8042842
14/06/2021 11:21:04,26.8811357,88.8042842
14/06/2021 11:21:04,26.8811357,88.8042842
14/06/2021 11:21:05,26.8811355,88.8042842
14/06/2021 11:21:05,26.8811355,88.8042842
14/06/2021 11:21:06,26.8811353,88.8042844
14/06/2021 11:21:06,26.8811353,88.8042844
14/06/2021 11:21:07,26.8811353,88.8042845
14/06/2021 11:21:07,26.8811353,88.8042845
14/06/2021 11:21:08,26.8811353,88.8042845
14/06/2021 11:21:08,26.8811353,88.8042845
14/06/2021 11:21:09,26.8811354,88.8042845
14/06/2021 11:21:09,26.8811354,88.8042845
14/06/2021 11:21:10,26.8811355,88.8042846
14/06/2021 11:21:10,26.8811355,88.8042846
14/06/2021 11:21:11,26.8811355,88.8042847
