time,x,y,z
14/06/2021 12:00:39,0.030171712239583332,-0.2489556206597222,0.3285946316189236
14/06/2021 12:00:39,0.44454002380371094,0.6353435516357422,1.0310649871826172
14/06/2021 12:00:40,0.17071702745225695,2.172860039605035,1.1538781060112848
14/06/2021 12:00:40,-0.9888629913330078,-0.1662273406982422,0.8835239410400391
14/06/2021 12:00:41,0.013371785481770834,0.3657752143012153,0.9026167127821181
14/06/2021 12:00:41,-0.1789722442626953,0.5539379119873047,0.5689506530761719
14/06/2021 12:00:42,-0.12560526529947916,0.5750105116102431,0.9683634440104166
14/06/2021 12:00:42,-1.3691291809082031,1.0972785949707031,1.8170967102050781
14/06/2021 12:00:43,-1.2752312554253473,-0.9990098741319444,0.9276377360026041
14/06/2021 12:00:43,-0.31799888610839844,0.8555641174316406,1.17327880859375
14/06/2021 12:00:44,-1.3783836364746094,0.2326507568359375,-0.6874961853027344
14/06/2021 12:00:44,-0.1217685275607639,0.7098744710286459,-1.106842041015625
14/06/2021 12:00:45,0.15685272216796875,-0.6004962921142578,-0.3460216522216797
14/06/2021 12:00:45,-0.4290873209635417,0.15569898817274305,0.4769626193576389
14/06/2021 12:00:46,0.23038864135742188,1.333465576171875,0.3819427490234375
14/06/2021 12:00:46,-0.1478390163845486,0.6150750054253472,-0.4273427327473958
14/06/2021 12:00:47,-0.049236297607421875,1.520223617553711,0.6659107208251953
14/06/2021 12:00:47,-0.043646918402777776,1.452392578125,0.039652506510416664
14/06/2021 12:00:48,-0.6474494934082031,2.375619888305664,0.441162109375
14/06/2021 12:00:48,0.5643208821614584,1.9191165500217013,0.5933617485894097
14/06/2021 12:00:49,-0.2696857452392578,-0.38257408142089844,-0.7073917388916016
14/06/2021 12:00:49,0.20099258422851562,0.12405586242675781,0.5360279083251953
14/06/2021 12:00:50,-0.5041978624131944,-1.2396918402777777,0.0789303249782986
14/06/2021 12:00:50,-0.017910003662109375,0.4312019348144531,-0.5319766998291016
14/06/2021 12:00:51,-0.4074503580729167,2.8283148871527777,-0.1959601508246528
14/06/2021 12:00:51,-0.05006599426269531,0.7840347290039062,0.029415130615234375
14/06/2021 12:00:52,-0.1450466579861111,-0.5097741021050347,0.1466098361545139
14/06/2021 12:00:52,-0.4370918273925781,0.9732227325439453,0.40437889099121094
14/06/2021 12:00:53,0.3066457112630208,1.6717614067925348,0.5797797309027778
14/06/2021 12:00:53,-0.08276939392089844,0.3061962127685547,-0.5441493988037109
14/06/2021 12:00:54,0.1092647976345486,1.9990929497612848,0.8692491319444444
14/06/2021 12:00:54,-0.1317138671875,0.6554050445556641,-0.3080615997314453
14/06/2021 12:00:55,-0.2613811492919922,0.2469768524169922,0.06284904479980469
14/06/2021 12:00:55,0.6598911285400391,-0.11982917785644531,0.5566120147705078
14/06/2021 12:00:56,-0.4475822448730469,0.21982383728027344,-0.48479652404785156
14/06/2021 12:00:56,0.10706138610839844,1.8726139068603516,-0.19266891479492188
14/06/2021 12:00:57,0.2583961486816406,-0.7145595550537109,-0.1738300323486328
14/06/2021 12:00:57,0.4818437364366319,-0.9483879937065972,-0.5346662733289931
14/06/2021 12:00:58,-0.9424686431884766,0.03272438049316406,-0.18540000915527344
14/06/2021 12:00:58,-0.014090643988715278,0.6408420138888888,0.6074557834201388
14/06/2021 12:00:59,0.28478431701660156,-0.17889785766601562,1.1926631927490234
14/06/2021 12:00:59,-0.04020521375868055,0.028993394639756944,-0.6233164469401041
14/06/2021 12:01:00,2.322622299194336,-0.001140594482421875,0.07182502746582031
14/06/2021 12:01:00,2.15989006890191,0.8185899522569444,0.5261416965060763
14/06/2021 12:01:01,0.2631549835205078,-0.25620460510253906,-0.10792732238769531
14/06/2021 12:01:01,0.018954806857638888,-0.1473202175564236,-0.21317545572916666
14/06/2021 12:01:02,-0.39740943908691406,0.05795860290527344,-0.07664299011230469
14/06/2021 12:01:02,0.1989727020263672,-0.6090564727783203,-0.7315711975097656
14/06/2021 12:01:03,0.028277926974826388,-0.3813408745659722,-0.5262112087673612
14/06/2021 12:01:03,-0.08344078063964844,0.5439109802246094,1.0758953094482422
14/06/2021 12:01:04,-0.05367279052734375,0.29235267639160156,0.6087760925292969
14/06/2021 12:01:04,-0.337554931640625,0.8904953002929688,1.3082904815673828
14/06/2021 12:01:05,0.017640855577256944,0.6226840549045138,1.167756822374132
14/06/2021 12:01:05,-0.101898193359375,-0.03978157043457031,-0.05660438537597656
14/06/2021 12:01:06,0.1131405300564236,0.3962046305338542,0.4618292914496528
14/06/2021 12:01:06,0.07655906677246094,-0.2096233367919922,-0.06926536560058594
14/06/2021 12:01:07,-0.150543212890625,0.015157063802083334,0.020436604817708332
14/06/2021 12:01:07,-0.09438514709472656,-0.10623741149902344,-0.2543678283691406
14/06/2021 12:01:08,0.009614732530381944,-0.05613878038194445,-0.093597412109375
14/06/2021 12:01:08,0.0016994476318359375,0.1716899871826172,0.29363441467285156
14/06/2021 12:01:09,0.07440567016601562,-0.09344291687011719,-0.26094818115234375
14/06/2021 12:01:09,0.1443805694580078,-0.04325103759765625,-0.08161354064941406
14/06/2021 12:01:10,-0.12053426106770833,-0.002341376410590278,0.2362247043185764
14/06/2021 12:01:10,0.038829803466796875,-0.23563194274902344,-0.4242057800292969
14/06/2021 12:01:11,0.06067848205566406,0.01926422119140625,-0.6277542114257812
14/06/2021 12:01:11,0.056360880533854164,-0.4488847520616319,-1.1244557698567708
14/06/2021 12:01:12,-0.008146286010742188,-1.1366691589355469,-1.7748870849609375
14/06/2021 12:01:12,0.11961534288194445,-0.3284827338324653,-1.0023464626736112
14/06/2021 12:01:13,0.28478431701660156,0.36524200439453125,0.05792236328125
14/06/2021 12:01:13,-0.2169833713107639,-0.4732157389322917,-0.6094512939453125
14/06/2021 12:01:14,0.03757667541503906,0.06717872619628906,0.06189727783203125
14/06/2021 12:01:14,-0.12882423400878906,-0.2724132537841797,-0.08810806274414062
14/06/2021 12:01:15,0.03259468078613281,0.06398582458496094,-0.3060741424560547
14/06/2021 12:01:15,0.12405204772949219,-0.08020210266113281,0.04000282287597656
14/06/2021 12:01:16,-0.047632853190104164,-0.07839457194010417,-0.1664004855685764
14/06/2021 12:01:16,-0.05062103271484375,0.15410804748535156,0.19997215270996094
14/06/2021 12:01:17,-0.2216678195529514,-0.08721076117621528,-0.09552171495225695
14/06/2021 12:01:17,0.30658912658691406,-0.2186450958251953,0.22301483154296875
14/06/2021 12:01:18,-0.1981438530815972,0.15148417154947916,-0.1964230007595486
14/06/2021 12:01:18,0.0216064453125,-0.1730022430419922,-0.4541282653808594
14/06/2021 12:01:19,-0.1552157931857639,-0.028906928168402776,-0.5462459988064237
14/06/2021 12:01:19,0.3353404998779297,-0.06461334228515625,-0.1387939453125
14/06/2021 12:01:20,-0.059531317816840276,-0.3145650227864583,-0.7685004340277778
14/06/2021 12:01:20,-0.027639389038085938,0.03003692626953125,-0.16753768920898438
14/06/2021 12:01:21,-0.22183990478515625,-0.24934959411621094,-0.2661609649658203
14/06/2021 12:01:21,-0.0055217742919921875,-0.18567657470703125,-0.12849998474121094
14/06/2021 12:01:22,0.17901992797851562,-0.020505905151367188,0.3111457824707031
14/06/2021 12:01:22,0.06230926513671875,0.09844017028808594,0.1840229034423828
14/06/2021 12:01:23,-0.25431060791015625,-0.24509048461914062,-1.0737342834472656
14/06/2021 12:01:23,0.23919677734375,0.1662273406982422,-0.4502220153808594
14/06/2021 12:01:24,0.14263534545898438,-0.07356834411621094,0.113739013671875
14/06/2021 12:01:24,-0.2208591037326389,-0.1625756157769097,-0.3753916422526042
14/06/2021 12:01:25,0.2499523162841797,0.019245147705078125,0.10409927368164062
14/06/2021 12:01:25,-0.24353196885850695,0.016377766927083332,0.054940117730034724
14/06/2021 12:01:26,-0.017078399658203125,0.09083747863769531,-0.12205123901367188
14/06/2021 12:01:26,0.16438462999131945,0.24013264973958334,0.8004489474826388
14/06/2021 12:01:27,-0.0401763916015625,0.00226593017578125,0.1878528594970703
14/06/2021 12:01:27,-0.045830620659722224,0.5563388400607638,0.7229105631510416
14/06/2021 12:01:28,-0.19730377197265625,-0.022327423095703125,-0.041934967041015625
14/06/2021 12:01:28,0.05318260192871094,-0.4050750732421875,-0.3786354064941406
14/06/2021 12:01:29,-0.17379379272460938,-0.29152679443359375,0.1431903839111328
14/06/2021 12:01:29,0.05974578857421875,0.180999755859375,0.5152912139892578
14/06/2021 12:01:30,0.22576395670572916,0.10139295789930555,-0.1654815673828125
14/06/2021 12:01:30,0.07109642028808594,0.11477279663085938,-0.4557361602783203
14/06/2021 12:01:31,-0.0859256320529514,0.18169996473524305,0.021048651801215276
14/06/2021 12:01:31,-0.1360626220703125,0.22940826416015625,-0.43955421447753906
14/06/2021 12:01:32,0.3436008029513889,-0.19736735026041666,0.4967685275607639
14/06/2021 12:01:32,-0.27436065673828125,-0.14785003662109375,-0.21496200561523438
14/06/2021 12:01:33,0.07263861762152778,-0.037102593315972224,-0.3737606472439236
14/06/2021 12:01:33,0.39080810546875,-0.12917327880859375,-0.1466064453125
14/06/2021 12:01:34,0.001171535915798611,-0.1715240478515625,-0.03735521104600695
14/06/2021 12:01:34,-0.17815017700195312,0.12051010131835938,-0.053966522216796875
14/06/2021 12:01:35,-0.09348106384277344,0.13464736938476562,0.5063114166259766
14/06/2021 12:01:35,0.1273365020751953,-0.18234634399414062,-0.19271469116210938
14/06/2021 12:01:36,-0.0035400390625,-0.024431228637695312,-0.4148674011230469
14/06/2021 12:01:36,0.0027414957682291665,-0.315277099609375,-0.8896552191840278
14/06/2021 12:01:37,0.047817230224609375,-0.7957057952880859,-0.8819637298583984
14/06/2021 12:01:37,-0.1048007541232639,-0.025227864583333332,-0.5285017225477431
14/06/2021 12:01:38,-0.05645561218261719,0.1748943328857422,0.2303180694580078
14/06/2021 12:01:38,0.006152682834201389,-0.04061720106336805,0.1511077880859375
14/06/2021 12:01:39,-0.05094146728515625,0.1719226837158203,0.22842025756835938
14/06/2021 12:01:39,0.23934766981336805,0.17357381184895834,0.6747250027126737
14/06/2021 12:01:40,-0.1300048828125,-0.09635162353515625,-0.5578231811523438
14/06/2021 12:01:40,0.10761070251464844,0.0017032623291015625,-0.30883026123046875
14/06/2021 12:01:41,-0.08295631408691406,-0.3711128234863281,-0.35085105895996094
14/06/2021 12:01:41,0.04961395263671875,-0.4008960723876953,-0.9748764038085938
14/06/2021 12:01:42,0.09668138292100695,-0.17214796278211805,-0.7649502224392362
14/06/2021 12:01:42,-0.1021881103515625,-0.27696800231933594,-0.6682548522949219
14/06/2021 12:01:43,-0.007804022894965278,-0.3930697970920139,-0.9289126925998263
14/06/2021 12:01:43,-0.02782440185546875,-0.2535991668701172,-0.9276943206787109
14/06/2021 12:01:44,0.035666571723090276,-0.08149888780381945,-0.316070556640625
14/06/2021 12:01:44,-0.1568145751953125,-0.2016010284423828,-1.0123367309570312
14/06/2021 12:01:45,0.11733330620659722,-0.08841451009114583,-0.6028323703342013
14/06/2021 12:01:45,0.060802459716796875,-0.07678794860839844,-0.8195343017578125
14/06/2021 12:01:46,0.4439375135633681,-0.18821207682291666,-0.5441216362847222
14/06/2021 12:01:46,0.2346820831298828,0.21872520446777344,0.18897438049316406
14/06/2021 12:01:47,-0.2576192220052083,-0.1052127414279514,0.3948482937282986
14/06/2021 12:01:47,0.1589031219482422,-0.2762260437011719,0.34485816955566406
14/06/2021 12:01:48,-0.12254142761230469,0.44869041442871094,0.24921607971191406
14/06/2021 12:01:48,-0.030046463012695312,0.48102569580078125,0.7966518402099609
14/06/2021 12:01:49,0.22373008728027344,-0.19984817504882812,0.3819313049316406
14/06/2021 12:01:49,-0.12693023681640625,0.5342998504638672,0.6736907958984375
14/06/2021 12:01:50,0.2829856872558594,0.4801673889160156,0.8138618469238281
14/06/2021 12:01:50,0.014219495985243056,0.0643649631076389,0.2443610297309028
14/06/2021 12:01:51,-0.17598533630371094,-0.0016193389892578125,-0.14752769470214844
14/06/2021 12:01:51,0.09661187065972222,0.15915425618489584,0.3559383816189236
14/06/2021 12:01:52,-0.12775421142578125,0.09464454650878906,0.19546890258789062
14/06/2021 12:01:52,-0.06264411078559028,0.017096625434027776,-0.24353196885850695
14/06/2021 12:01:53,0.1562976837158203,0.19151878356933594,0.5985698699951172
14/06/2021 12:01:53,0.032297770182291664,-0.04397752549913195,-0.052714029947916664
14/06/2021 12:01:54,-0.23473167419433594,-0.08199310302734375,-0.2843589782714844
14/06/2021 12:01:54,0.13133621215820312,0.21761703491210938,0.5991134643554688
14/06/2021 12:01:55,0.036382039388020836,-0.12021382649739583,0.4937506781684028
14/06/2021 12:01:55,0.0213165283203125,0.5639495849609375,0.6075229644775391
14/06/2021 12:01:56,0.003655327690972222,0.7436370849609375,1.026214599609375
14/06/2021 12:01:56,0.09222412109375,-0.043670654296875,0.22193145751953125
14/06/2021 12:01:57,-0.11121114095052083,0.1612735324435764,0.2741190592447917
14/06/2021 12:01:57,0.17911148071289062,0.44510459899902344,0.9914531707763672
14/06/2021 12:01:58,-0.0769687228732639,-0.2616865370008681,0.08847554524739583
14/06/2021 12:01:58,-0.1987590789794922,0.3666954040527344,0.3431892395019531
14/06/2021 12:01:59,0.2834184434678819,0.2574818929036458,0.5739339192708334
14/06/2021 12:01:59,-0.016309738159179688,-0.42499542236328125,-1.9073486328125E-4
14/06/2021 12:02:00,-0.1174502902560764,0.2084130181206597,0.3135443793402778
14/06/2021 12:02:00,0.08148384094238281,0.45284080505371094,0.7347774505615234
14/06/2021 12:02:01,-0.18706130981445312,-0.1403026580810547,-0.6784095764160156
14/06/2021 12:02:01,-0.24059549967447916,0.06828138563368055,-1.1912570529513888
14/06/2021 12:02:02,0.36485862731933594,-0.1839008331298828,-1.2362174987792969
14/06/2021 12:02:02,0.2218509250217014,-0.4816640218098958,-0.7483707004123263
14/06/2021 12:02:03,-0.022581100463867188,0.03352546691894531,-0.04017066955566406
14/06/2021 12:02:03,-0.0033467610677083335,-0.1978725857204861,-0.05351426866319445
14/06/2021 12:02:04,0.11188697814941406,-0.163238525390625,-0.6715106964111328
14/06/2021 12:02:04,0.09851582845052083,0.009285820855034722,-0.6254289415147569
14/06/2021 12:02:05,0.27165794372558594,-0.9988517761230469,-1.7471370697021484
14/06/2021 12:02:05,0.013185289171006944,-0.8037075466579862,-1.8681199815538194
14/06/2021 12:02:06,0.222930908203125,-0.4988441467285156,-0.6598873138427734
14/06/2021 12:02:06,-0.1664394802517361,-0.21148173014322916,-0.3739522298177083
14/06/2021 12:02:07,-0.05526924133300781,-0.20923614501953125,-0.09610748291015625
14/06/2021 12:02:07,-0.026142120361328125,0.055995941162109375,0.055492401123046875
14/06/2021 12:02:08,0.1576165093315972,0.2538248697916667,0.3241424560546875
14/06/2021 12:02:08,0.07503700256347656,-0.04248809814453125,0.6497230529785156
14/06/2021 12:02:09,-0.03466457790798611,0.7775505913628472,1.4007347954644098
14/06/2021 12:02:09,0.03557777404785156,0.6528415679931641,0.8537864685058594
14/06/2021 12:02:10,-0.04241604275173611,-0.24644978841145834,-0.4417334662543403
14/06/2021 12:02:10,0.22422027587890625,-0.09876060485839844,0.049381256103515625
14/06/2021 12:02:11,0.09906684027777778,0.08671400282118055,0.14723375108506945
14/06/2021 12:02:11,-0.023420333862304688,-0.04070091247558594,0.06424903869628906
14/06/2021 12:02:12,-0.005859375,0.4226464165581597,1.0080617268880208
14/06/2021 12:02:12,-0.10529136657714844,0.512725830078125,1.6530914306640625
14/06/2021 12:02:13,-0.058197021484375,0.1289028591579861,0.23106892903645834
14/06/2021 12:02:13,0.0219268798828125,0.20997238159179688,-0.1993732452392578
14/06/2021 12:02:14,0.06414794921875,-0.38836097717285156,-1.3116302490234375
14/06/2021 12:02:14,0.12767791748046875,-0.848602294921875,-1.7821025848388672
14/06/2021 12:02:15,-0.21675872802734375,-0.6063480377197266,-1.75262451171875
14/06/2021 12:02:15,-0.11508856879340278,-0.014940049913194444,-0.7410532633463541
14/06/2021 12:02:16,-0.040576934814453125,-0.06666755676269531,-0.4886474609375
14/06/2021 12:02:16,-0.011372884114583334,-0.1404452853732639,-0.5171695285373263
14/06/2021 12:02:17,0.18305397033691406,0.35201454162597656,1.1653900146484375
14/06/2021 12:02:17,-0.014519585503472222,0.1413794623480903,0.5221235487196181
14/06/2021 12:02:18,0.056427001953125,-0.1903839111328125,0.027284622192382812
14/06/2021 12:02:18,0.06406995985243055,0.2234039306640625,0.6035139295789931
14/06/2021 12:02:19,0.0071697235107421875,-0.029130935668945312,0.22759246826171875
14/06/2021 12:02:19,-0.13107808430989584,0.2905442979600694,0.5115898980034722
14/06/2021 12:02:20,0.1895294189453125,0.3816337585449219,1.0812625885009766
14/06/2021 12:02:20,-0.09444046020507812,0.07385063171386719,0.1302928924560547
14/06/2021 12:02:21,0.117156982421875,0.2996198866102431,0.15703837076822916
14/06/2021 12:02:21,-0.08426475524902344,0.18207359313964844,0.2436676025390625
14/06/2021 12:02:22,0.015146891276041666,-0.5094214545355903,-0.6487477620442709
14/06/2021 12:02:22,0.048038482666015625,-0.3083076477050781,-0.7749290466308594
14/06/2021 12:02:23,-0.041678534613715276,0.071624755859375,0.05838351779513889
14/06/2021 12:02:23,-0.051906585693359375,-0.23676681518554688,-0.08542060852050781
14/06/2021 12:02:24,0.07103644476996528,0.3572235107421875,0.15054829915364584
14/06/2021 12:02:24,-0.08210182189941406,0.16143417358398438,0.5504436492919922
14/06/2021 12:02:25,-0.0027177598741319445,-0.3029361300998264,-0.5358717176649306
14/06/2021 12:02:25,0.05515098571777344,0.31220245361328125,0.48920249938964844
14/06/2021 12:02:26,-0.13675308227539062,0.0604248046875,0.012083053588867188
14/06/2021 12:02:26,0.07460212707519531,-0.2656707763671875,-0.24805259704589844
14/06/2021 12:02:27,0.05579566955566406,0.24577713012695312,0.1440887451171875
14/06/2021 12:02:27,-0.19577534993489584,-0.11765034993489583,0.04876708984375
14/06/2021 12:02:28,0.048282623291015625,-0.06160736083984375,-0.1912708282470703
14/06/2021 12:02:28,0.13238694932725695,0.2669898139105903,0.7242245144314237
14/06/2021 12:02:29,-0.0672760009765625,0.037029266357421875,0.2109203338623047
14/06/2021 12:02:29,0.103851318359375,0.4459974500868056,1.1549513075086806
14/06/2021 12:02:30,0.21563148498535156,0.7146625518798828,1.7206344604492188
14/06/2021 12:02:30,-0.042917887369791664,0.6636539035373263,1.0267367892795138
14/06/2021 12:02:31,0.045551300048828125,0.4140663146972656,0.45894813537597656
14/06/2021 12:02:31,0.05247158474392361,0.05047776963975695,-0.4734005398220486
14/06/2021 12:02:32,0.06324195861816406,-0.789215087890625,-1.1385383605957031
14/06/2021 12:02:32,-0.03746371799045139,-0.3472527398003472,-1.140592787000868
14/06/2021 12:02:33,0.24210739135742188,-0.1268024444580078,-0.018041610717773438
14/06/2021 12:02:33,-0.22993850708007812,-0.2373218536376953,-0.2037353515625
14/06/2021 12:02:34,0.11047935485839844,0.07633209228515625,0.4328651428222656
14/06/2021 12:02:34,0.09356689453125,0.49758148193359375,0.7485065460205078
14/06/2021 12:02:35,-0.4052310519748264,-0.04095628526475695,-0.4742974175347222
14/06/2021 12:02:35,-0.003093719482421875,-0.20053482055664062,0.29165077209472656
14/06/2021 12:02:36,0.008867051866319444,-0.11390007866753472,-0.05830213758680555
14/06/2021 12:02:36,-0.033176422119140625,-0.05518150329589844,-0.15669631958007812
14/06/2021 12:02:37,0.08698357476128472,0.04769558376736111,0.190032958984375
14/06/2021 12:02:37,-0.021791458129882812,0.06605148315429688,-0.0720062255859375
14/06/2021 12:02:38,-0.037848578559027776,-0.08504740397135417,-0.14441426595052084
14/06/2021 12:02:38,0.2853279113769531,0.2833747863769531,-0.37158966064453125
14/06/2021 12:02:39,0.05569267272949219,-0.11199760437011719,-0.3989543914794922
14/06/2021 12:02:39,0.05570814344618055,-0.049109564887152776,0.0131988525390625
14/06/2021 12:02:40,0.2645435333251953,0.2534465789794922,-0.1482372283935547
14/06/2021 12:02:40,0.29931068420410156,-0.19922637939453125,-0.5542163848876953
14/06/2021 12:02:41,0.5370273590087891,-0.9734859466552734,-1.1290359497070312
14/06/2021 12:02:41,-0.0831722683376736,-1.7397410074869792,-2.040281507703993
14/06/2021 12:02:42,-0.2112903594970703,-0.30848121643066406,-0.5090198516845703
14/06/2021 12:02:42,0.0458526611328125,-0.5975697835286459,-0.2950490315755208
14/06/2021 12:02:43,0.14094161987304688,-0.0747222900390625,0.4773387908935547
14/06/2021 12:02:43,0.4864434136284722,0.5169592963324653,0.9709286159939237
14/06/2021 12:02:44,-0.020893096923828125,0.2569313049316406,0.5977802276611328
14/06/2021 12:02:44,0.006952921549479167,0.08021375868055555,-0.5063663058810763
14/06/2021 12:02:45,-0.22555923461914062,0.2771492004394531,-0.6027870178222656
14/06/2021 12:02:45,0.4677191840277778,0.3275044759114583,0.3812950981987847
14/06/2021 12:02:46,-0.32389259338378906,0.06710243225097656,0.271820068359375
14/06/2021 12:02:46,-0.012624740600585938,0.8547420501708984,1.4657936096191406
14/06/2021 12:02:47,-0.6202239990234375,1.0441792805989583,1.5260399712456598
14/06/2021 12:02:47,-0.07963752746582031,-0.15306472778320312,0.5806026458740234
14/06/2021 12:02:48,-0.2760331895616319,0.07584635416666667,0.2796427408854167
14/06/2021 12:02:48,0.7402744293212891,1.2594032287597656,-0.2277812957763672
14/06/2021 12:02:49,-0.8204718695746528,-0.9910091824001737,0.43719482421875
14/06/2021 12:02:49,0.1315746307373047,-0.008588790893554688,-0.4533729553222656
14/06/2021 12:02:50,0.002010769314236111,0.1502159966362847,-0.09385172526041667
14/06/2021 12:02:50,0.2831993103027344,-0.2953529357910156,0.10488319396972656
14/06/2021 12:02:51,0.1698387993706597,-0.1957210964626736,-0.2400326199001736
14/06/2021 12:02:51,-0.003116607666015625,0.22583770751953125,-0.08486747741699219
14/06/2021 12:02:52,-0.10598182678222656,0.2547130584716797,0.47905921936035156
14/06/2021 12:02:52,-0.030557632446289062,-0.23259544372558594,-0.2566204071044922
14/06/2021 12:02:53,-0.0077228546142578125,-0.05404090881347656,-0.4087409973144531
14/06/2021 12:02:53,0.5005245208740234,1.4088878631591797,0.028059005737304688
14/06/2021 12:02:54,-0.7450389862060547,-1.3342666625976562,0.2757244110107422
14/06/2021 12:02:54,-0.05258517795138889,0.21045430501302084,0.10057915581597222
14/06/2021 12:02:55,-0.26898956298828125,0.43044471740722656,0.7630767822265625
14/06/2021 12:02:55,0.3825446234809028,-0.19053141276041666,0.14674886067708334
14/06/2021 12:02:56,-0.13772964477539062,0.4581794738769531,0.6066265106201172
14/06/2021 12:02:56,-0.2808583577473958,0.5811547173394097,0.7849527994791666
14/06/2021 12:02:57,-0.1796741485595703,0.2698478698730469,1.3573150634765625
14/06/2021 12:02:57,-0.4531673855251736,0.2202080620659722,1.2006123860677083
14/06/2021 12:02:58,0.4184093475341797,0.3529052734375,0.9725189208984375
14/06/2021 12:02:58,-0.19453048706054688,-0.25292015075683594,0.2631874084472656
14/06/2021 12:02:59,0.0026302337646484375,-0.027341842651367188,0.05433845520019531
14/06/2021 12:02:59,0.24032020568847656,0.4912223815917969,0.49878501892089844
14/06/2021 12:03:00,-0.20366414388020834,0.3035057915581597,0.1643286810980903
14/06/2021 12:03:00,-0.3952808380126953,-0.1757221221923828,-1.1517314910888672
14/06/2021 12:03:01,0.7357516818576388,0.17790730794270834,0.3427513970269097
14/06/2021 12:03:01,-0.3740520477294922,0.20131492614746094,0.10093307495117188
14/06/2021 12:03:02,-0.014926486545138888,-0.1231960720486111,-0.6032969156901041
14/06/2021 12:03:02,-0.05208587646484375,0.16884613037109375,0.5182075500488281
14/06/2021 12:03:03,-0.13365681966145834,-0.3909708658854167,0.24160936143663195
14/06/2021 12:03:03,0.018167495727539062,-0.3213310241699219,-0.6314182281494141
14/06/2021 12:03:04,0.2975311279296875,-0.14237806532118055,-0.2948031955295139
14/06/2021 12:03:04,-0.12977981567382812,0.028505325317382812,-0.03259086608886719
14/06/2021 12:03:05,0.05517747667100695,-0.6147206624348959,-0.7114308675130209
14/06/2021 12:03:05,0.31281089782714844,-0.09421730041503906,-1.5816097259521484
14/06/2021 12:03:06,0.022363662719726562,-0.4202995300292969,-0.5733909606933594
14/06/2021 12:03:06,-0.16322157118055555,-0.8225572374131944,-0.9001803927951388
14/06/2021 12:03:07,0.1753368377685547,0.1331920623779297,0.2571067810058594
14/06/2021 12:03:07,-0.4192352294921875,0.4477979871961806,0.7079332139756944
14/06/2021 12:03:08,0.15781784057617188,-0.13770675659179688,-0.2710113525390625
14/06/2021 12:03:08,0.24951680501302084,0.3016103108723958,0.7299143473307291
14/06/2021 12:03:09,-0.20480728149414062,0.14356613159179688,0.15458297729492188
14/06/2021 12:03:09,7.188585069444445E-4,-0.041817559136284724,-0.1972724066840278
14/06/2021 12:03:10,0.3057098388671875,0.11480331420898438,0.23481178283691406
14/06/2021 12:03:10,-0.08728535970052083,-0.03660244411892361,-0.050560845269097224
14/06/2021 12:03:11,-0.0196075439453125,0.2758617401123047,0.08142662048339844
14/06/2021 12:03:11,-0.0807461208767361,-0.0387115478515625,0.4728512234157986
14/06/2021 12:03:12,-0.16362571716308594,0.1534881591796875,0.24944114685058594
14/06/2021 12:03:12,0.15173721313476562,0.4369831085205078,0.9578933715820312
14/06/2021 12:03:13,-0.15110270182291666,0.07547844780815972,0.22155253092447916
14/06/2021 12:03:13,-0.2004222869873047,0.07859992980957031,0.22003173828125
14/06/2021 12:03:14,0.16544935438368055,0.4071333143446181,0.8567403157552084
14/06/2021 12:03:14,0.07053184509277344,0.07920646667480469,0.34639930725097656
14/06/2021 12:03:15,-0.0836368136935764,0.3416781955295139,0.5041266547309028
14/06/2021 12:03:15,0.09619903564453125,0.6167125701904297,0.9878311157226562
14/06/2021 12:03:16,0.1393890380859375,0.057913886176215276,-0.4374491373697917
14/06/2021 12:03:16,0.2684135437011719,-0.09253120422363281,-0.5826358795166016
14/06/2021 12:03:17,0.13403150770399305,-1.0822279188368056,-0.6446736653645834
14/06/2021 12:03:17,0.19277191162109375,-0.4135780334472656,-0.7600593566894531
14/06/2021 12:03:18,0.1249881320529514,-0.6663004557291666,-1.2082587348090277
14/06/2021 12:03:18,0.27771568298339844,-0.4148101806640625,-0.49888038635253906
14/06/2021 12:03:19,0.04018402099609375,-0.28115272521972656,-0.4613494873046875
14/06/2021 12:03:19,-0.15104505750868055,0.15483262803819445,-0.1043972439236111
14/06/2021 12:03:20,-0.3186359405517578,-0.3100910186767578,-0.01621246337890625
14/06/2021 12:03:20,1.9596201578776042,0.8995310465494791,-0.06315782335069445
14/06/2021 12:03:21,1.1412467956542969,2.0232810974121094,-0.19513320922851562
14/06/2021 12:03:21,-0.5684000651041666,2.307947794596354,-0.14109971788194445
14/06/2021 12:03:22,-1.096944808959961,0.41211509704589844,0.26729393005371094
14/06/2021 12:03:22,-0.141021728515625,-0.1457604302300347,0.23949686686197916
14/06/2021 12:03:23,-0.072113037109375,-0.19060134887695312,-0.14240455627441406
14/06/2021 12:03:23,-0.7998182508680556,-0.4622938368055556,0.031048244900173612
14/06/2021 12:03:24,-0.44724464416503906,-0.2957286834716797,-0.042003631591796875
14/06/2021 12:03:24,-1.8190138075086806,0.1722988552517361,-0.4318881564670139
14/06/2021 12:03:25,0.11754798889160156,0.934051513671875,-0.3339080810546875
14/06/2021 12:03:25,0.5498104095458984,1.1132030487060547,-0.6164684295654297
14/06/2021 12:03:26,0.8440924750434028,-0.6767459445529513,-1.2438439263237848
14/06/2021 12:03:26,0.2936058044433594,-0.24713897705078125,-0.4638690948486328
14/06/2021 12:03:27,0.10571458604600695,-0.039343939887152776,0.019911024305555556
14/06/2021 12:03:27,-0.3537464141845703,-0.5735988616943359,-0.1679706573486328
14/06/2021 12:03:28,-0.3225911458333333,-0.56988525390625,-0.6456790500217013
14/06/2021 12:03:28,0.0054264068603515625,-0.026552200317382812,-0.29894256591796875
14/06/2021 12:03:29,-0.07611083984375,-0.6896294487847222,-0.6058315700954862
14/06/2021 12:03:29,-0.10560226440429688,-0.7243156433105469,-0.7691764831542969
14/06/2021 12:03:30,-0.058937920464409724,0.1781005859375,-0.4556969536675347
14/06/2021 12:03:30,0.08629989624023438,-0.419403076171875,-0.40496826171875
14/06/2021 12:03:31,-0.021681043836805556,-0.3295576307508681,-0.3849063449435764
14/06/2021 12:03:31,0.23923301696777344,0.34223175048828125,0.10164070129394531
14/06/2021 12:03:32,-0.12740516662597656,-0.054439544677734375,0.040988922119140625
14/06/2021 12:03:32,0.0521087646484375,-0.4568684895833333,-0.3834381103515625
14/06/2021 12:03:33,0.12052154541015625,-0.04210090637207031,-0.24568939208984375
14/06/2021 12:03:33,0.21853468153211805,-0.2726152208116319,-0.158599853515625
14/06/2021 12:03:34,0.05870246887207031,-0.33031654357910156,-0.44835662841796875
14/06/2021 12:03:34,0.14153035481770834,-0.13376363118489584,-0.2463802761501736
14/06/2021 12:03:35,-0.008153915405273438,-0.0054340362548828125,-0.08453559875488281
14/06/2021 12:03:35,-0.2865685356987847,-0.6600562201605903,-0.058385213216145836
14/06/2021 12:03:36,-0.20688247680664062,0.15144729614257812,-0.2746753692626953
14/06/2021 12:03:36,-0.025166829427083332,0.2212456597222222,0.2083282470703125
14/06/2021 12:03:37,-0.13080215454101562,-0.8957195281982422,0.17697715759277344
14/06/2021 12:03:37,0.4761333465576172,-1.8980884552001953,1.32965087890625
14/06/2021 12:03:38,0.11572943793402778,0.9084370930989584,-0.4046851264105903
14/06/2021 12:03:38,0.6907958984375,0.9256057739257812,-1.2535400390625
14/06/2021 12:03:39,-0.2723863389756944,-0.7892676459418403,-0.4468197292751736
14/06/2021 12:03:39,-0.33675384521484375,0.1769428253173828,-0.1443805694580078
14/06/2021 12:03:40,-0.19692823621961805,-0.6760643853081597,-0.3824225531684028
14/06/2021 12:03:40,0.022861480712890625,0.2524147033691406,0.1664581298828125
14/06/2021 12:03:41,0.1913723415798611,1.0398610432942708,1.2202097574869792
14/06/2021 12:03:41,-0.1082000732421875,0.7227382659912109,0.9111785888671875
14/06/2021 12:03:42,0.09307691786024305,0.0740203857421875,0.4128977457682292
14/06/2021 12:03:42,0.06670570373535156,0.7124423980712891,0.7497577667236328
14/06/2021 12:03:43,-0.005157470703125,0.8487633599175347,0.6831800672743056
14/06/2021 12:03:43,-0.04287147521972656,-0.12412643432617188,0.1508350372314453
14/06/2021 12:03:44,-0.0748867458767361,-0.1956719292534722,-0.1649932861328125
14/06/2021 12:03:44,0.3316078186035156,0.1528797149658203,-0.013448715209960938
14/06/2021 12:03:45,-0.10249710083007812,-0.0075092315673828125,6.427764892578125E-4
14/06/2021 12:03:45,0.09444173177083333,0.09014892578125,0.07712300618489583
14/06/2021 12:03:46,-0.1917552947998047,0.032192230224609375,0.05103111267089844
14/06/2021 12:03:46,0.06830003526475695,-0.0625118679470486,-0.0688815646701389
14/06/2021 12:03:47,-0.06762123107910156,0.05033302307128906,0.05874443054199219
14/06/2021 12:03:47,0.048821343315972224,-0.10582478841145833,-0.1103396945529514
14/06/2021 12:03:48,-0.26157569885253906,-0.012693405151367188,-0.017467498779296875
14/06/2021 12:03:48,0.2607048882378472,0.035303751627604164,0.0689053005642361
14/06/2021 12:03:49,-0.06188392639160156,-0.07226181030273438,-0.15114212036132812
14/06/2021 12:03:49,0.019695705837673612,-0.028778076171875,0.014934963650173612
14/06/2021 12:03:50,-0.179962158203125,-0.04143333435058594,0.13126182556152344
14/06/2021 12:03:50,0.07140159606933594,0.06643104553222656,-0.04611778259277344
14/06/2021 12:03:51,-0.11161613464355469,-0.16032028198242188,-0.22032546997070312
14/06/2021 12:03:51,0.24147415161132812,0.062007904052734375,0.03767204284667969
14/06/2021 12:03:52,-0.010258992513020834,-0.03592088487413195,0.05929904513888889
14/06/2021 12:03:52,0.2052001953125,-0.3225421905517578,-0.8416042327880859
14/06/2021 12:03:53,-0.2686971028645833,-0.8844028049045138,-1.1772969563802083
14/06/2021 12:03:53,-0.07439041137695312,-0.6508522033691406,-0.5987548828125
14/06/2021 12:03:54,0.0788082546657986,-0.429290771484375,-0.9537828233506944
14/06/2021 12:03:54,0.021917343139648438,3.31878662109375E-4,-0.48952484130859375
14/06/2021 12:03:55,-0.1332312689887153,-0.5307769775390625,-0.7177446153428819
14/06/2021 12:03:55,0.023149490356445312,-0.3165168762207031,-0.47634315490722656
14/06/2021 12:03:56,0.1682891845703125,0.266876220703125,0.3325992160373264
14/06/2021 12:03:56,-0.0803375244140625,0.028688430786132812,-0.2322540283203125
14/06/2021 12:03:57,0.31088829040527344,0.039089202880859375,0.001010894775390625
14/06/2021 12:03:57,-0.10601425170898438,-0.09566307067871094,0.011903762817382812
14/06/2021 12:03:58,0.017425537109375,0.11602592468261719,0.04278564453125
14/06/2021 12:03:58,0.05933803982204861,-0.049660576714409724,-0.1511298285590278
14/06/2021 12:03:59,0.13704299926757812,-0.1549510955810547,-5.22613525390625E-4
14/06/2021 12:03:59,-0.20382181803385416,-0.036600748697916664,0.16259935167100695
14/06/2021 12:04:00,-0.06726455688476562,0.05330657958984375,0.12856483459472656
14/06/2021 12:04:00,0.1914299858940972,-0.13523356119791666,-0.3320210774739583
14/06/2021 12:04:01,-0.022247314453125,-0.03978157043457031,0.11432838439941406
14/06/2021 12:04:01,0.11014641655815972,-0.2119174533420139,0.06074693467881945
14/06/2021 12:04:02,-0.11850929260253906,-0.1324787139892578,-0.03359031677246094
14/06/2021 12:04:02,0.20015970865885416,-0.2616695827907986,-0.1295284695095486
14/06/2021 12:04:03,-0.2623424530029297,0.3938751220703125,-0.23809051513671875
14/06/2021 12:04:03,-0.4206066131591797,0.1940479278564453,-0.4464569091796875
14/06/2021 12:04:04,-0.09373855590820312,-0.28855323791503906,0.022846221923828125
14/06/2021 12:04:04,-0.50689697265625,-0.1151123046875,-0.4382915496826172
14/06/2021 12:04:05,0.3445587158203125,0.1474541558159722,0.3451148139105903
14/06/2021 12:04:05,-0.1882781982421875,-0.5318431854248047,-0.7641506195068359
14/06/2021 12:04:06,0.4058329264322917,-0.24492899576822916,-0.7678866916232638
14/06/2021 12:04:06,-0.2922019958496094,-0.34477996826171875,-0.3955345153808594
14/06/2021 12:04:07,0.07337443033854167,-0.6688334147135416,-0.3230234781901042
14/06/2021 12:04:07,0.07251739501953125,0.36137962341308594,0.05116462707519531
14/06/2021 12:04:08,0.21490308973524305,0.4797583685980903,0.4714558919270833
14/06/2021 12:04:08,-0.4200439453125,-0.46347808837890625,-0.8983287811279297
14/06/2021 12:04:09,0.17053731282552084,0.15951707628038195,0.08812120225694445
14/06/2021 12:04:09,0.40605926513671875,0.358642578125,0.201202392578125
14/06/2021 12:04:10,-0.26053428649902344,-0.5600528717041016,-0.6068344116210938
14/06/2021 12:04:10,-0.07335578070746528,0.059275309244791664,-0.2268829345703125
14/06/2021 12:04:11,-0.2515735626220703,-0.09749031066894531,0.027385711669921875
14/06/2021 12:04:11,0.0995941162109375,0.1178131103515625,0.024965286254882812
14/06/2021 12:04:12,0.5028438568115234,0.7660388946533203,0.7911701202392578
14/06/2021 12:04:12,-0.3209058973524306,0.055287679036458336,0.7681833902994791
14/06/2021 12:04:13,-0.2746105194091797,0.2763824462890625,0.0053157806396484375
14/06/2021 12:04:13,0.06190151638454861,-0.030527750651041668,-0.11086866590711805
14/06/2021 12:04:14,-0.17411422729492188,0.042446136474609375,-0.10234451293945312
14/06/2021 12:04:14,-0.06820848253038195,-0.1354760064019097,0.005659315321180556
14/06/2021 12:04:15,0.3605079650878906,0.15344619750976562,0.37776756286621094
14/06/2021 12:04:15,-0.0827484130859375,0.015826755099826388,0.06620279947916667
14/06/2021 12:04:16,-0.009130477905273438,-0.21779823303222656,4.291534423828125E-4
14/06/2021 12:04:16,0.13387552897135416,0.0038401285807291665,-0.16961669921875
14/06/2021 12:04:17,-0.055568695068359375,-0.4089393615722656,-0.7141952514648438
14/06/2021 12:04:17,-0.15687942504882812,-0.06344985961914062,-0.08864974975585938
14/06/2021 12:04:18,0.13538614908854166,0.2743004692925347,0.3725179036458333
14/06/2021 12:04:18,-0.06656455993652344,-0.2725505828857422,-0.16722488403320312
14/06/2021 12:04:19,-0.1788906521267361,-0.16278584798177084,-0.3360307481553819
14/06/2021 12:04:19,0.31708526611328125,0.24755287170410156,0.41329193115234375
14/06/2021 12:04:20,-0.2051154242621528,-0.12151590983072917,-0.06590779622395833
14/06/2021 12:04:20,-0.11302757263183594,0.45802879333496094,-0.07850837707519531
14/06/2021 12:04:21,-0.20109049479166666,0.5360870361328125,0.3719363742404514
14/06/2021 12:04:21,-0.06751060485839844,-0.5851306915283203,-0.4455852508544922
14/06/2021 12:04:22,0.20754835340711805,-0.15011088053385416,0.16480000813802084
14/06/2021 12:04:22,0.027996063232421875,0.13649749755859375,-0.24772262573242188
14/06/2021 12:04:23,-0.1211700439453125,-0.4362602233886719,-0.7591934204101562
14/06/2021 12:04:23,0.2424740261501736,-0.4278411865234375,-1.057771470811632
14/06/2021 12:04:24,0.12023353576660156,-0.30300140380859375,-0.6536216735839844
14/06/2021 12:04:24,-0.1558685302734375,-0.11920844184027778,-0.1339789496527778
14/06/2021 12:04:25,0.13823318481445312,-0.3798103332519531,-0.47611045837402344
14/06/2021 12:04:25,-0.034062703450520836,-0.1003570556640625,-0.19054667154947916
14/06/2021 12:04:26,0.24088287353515625,0.43273353576660156,0.5103969573974609
14/06/2021 12:04:26,-0.017964680989583332,0.0866817898220486,-0.035619099934895836
14/06/2021 12:04:27,0.10709571838378906,-0.204376220703125,-0.3848838806152344
14/06/2021 12:04:27,0.0242919921875,-0.016476101345486112,-0.2164679633246528
14/06/2021 12:04:28,0.028486251831054688,-0.4377880096435547,-0.6349334716796875
14/06/2021 12:04:28,-0.03320482042100695,-0.8711666531032987,-1.1846177842881944
14/06/2021 12:04:29,-0.0599822998046875,-0.4293689727783203,-0.7448902130126953
14/06/2021 12:04:29,0.2707943386501736,-0.2070244683159722,-0.75250244140625
14/06/2021 12:04:30,-0.09996795654296875,0.09859657287597656,-0.4852313995361328
14/06/2021 12:04:30,0.016923904418945312,-0.5011081695556641,-0.5312004089355469
14/06/2021 12:04:31,-0.026357014973958332,0.10056220160590278,0.10415140787760417
14/06/2021 12:04:31,0.20203781127929688,0.351715087890625,0.41792869567871094
14/06/2021 12:04:32,-0.1609564887152778,-0.0864902072482639,-0.13561503092447916
14/06/2021 12:04:32,-0.0013523101806640625,-0.09829330444335938,-0.1252918243408203
14/06/2021 12:04:33,-0.14606221516927084,0.4104648166232639,0.4191724989149306
14/06/2021 12:04:33,-0.20452880859375,-0.2170696258544922,-0.16994476318359375
14/06/2021 12:04:34,0.3138258192274306,0.015697903103298612,0.014063517252604166
14/06/2021 12:04:34,-0.1346302032470703,0.4330902099609375,0.8130283355712891
14/06/2021 12:04:35,-0.2856699625651042,0.07625664605034722,0.14576551649305555
14/06/2021 12:04:35,0.3252296447753906,0.04069328308105469,0.11844062805175781
14/06/2021 12:04:36,-0.19727134704589844,0.19140243530273438,0.5683174133300781
14/06/2021 12:04:36,-0.14381239149305555,0.3595767550998264,0.3287709554036458
14/06/2021 12:04:37,0.4973793029785156,-0.37701416015625,-0.6454315185546875
14/06/2021 12:04:37,-0.3075900607638889,0.1965569390190972,0.2133093939887153
14/06/2021 12:04:38,-0.10961341857910156,0.26809120178222656,0.7631168365478516
14/06/2021 12:04:38,0.141204833984375,-0.2527414957682292,-0.3437364366319444
14/06/2021 12:04:39,0.1666736602783203,-0.10728073120117188,0.07619667053222656
14/06/2021 12:04:39,-0.004609849717881944,0.3634745279947917,0.2782999674479167
14/06/2021 12:04:40,0.08802032470703125,-0.04702568054199219,0.056713104248046875
14/06/2021 12:04:40,-0.008278740776909722,-0.08382670084635417,-0.060129801432291664
14/06/2021 12:04:41,0.019277572631835938,0.259490966796875,0.043975830078125
14/06/2021 12:04:41,0.029883490668402776,-0.4388444688585069,-0.2638397216796875
14/06/2021 12:04:42,0.006893157958984375,-0.5329551696777344,-0.5609302520751953
14/06/2021 12:04:42,0.005360921223958333,0.2946387396918403,0.2243381076388889
14/06/2021 12:04:43,-0.05499267578125,0.22542762756347656,0.4701499938964844
14/06/2021 12:04:43,-0.0751953125,0.053043365478515625,-0.07013130187988281
14/06/2021 12:04:44,-0.06230333116319445,-0.002410888671875,-0.08782280815972222
14/06/2021 12:04:44,0.1410694122314453,-0.4464111328125,-0.76409912109375
14/06/2021 12:04:45,0.11572943793402778,-0.3691118028428819,-0.4612901475694444
14/06/2021 12:04:45,-0.11891937255859375,0.10465431213378906,0.25788307189941406
14/06/2021 12:04:46,0.08202446831597222,0.21129014756944445,0.2242957221137153
14/06/2021 12:04:46,-0.15702438354492188,-0.03435325622558594,-0.1729297637939453
14/06/2021 12:04:47,0.10677083333333333,-0.11564805772569445,-0.3818478054470486
14/06/2021 12:04:47,-0.12386894226074219,0.19353675842285156,0.31617164611816406
14/06/2021 12:04:48,-0.18102857801649305,0.20818583170572916,0.5218726264105903
14/06/2021 12:04:48,0.05892372131347656,0.23389434814453125,0.7216396331787109
14/06/2021 12:04:49,-0.2929823133680556,0.18906995985243055,-0.4039696587456597
14/06/2021 12:04:49,0.3294715881347656,0.08358001708984375,-0.15111160278320312
14/06/2021 12:04:50,0.07697677612304688,-0.0088958740234375,0.473876953125
14/06/2021 12:04:50,0.3937428792317708,-0.23716566297743055,-0.20097859700520834
14/06/2021 12:04:51,0.19287109375,0.7938365936279297,0.6697196960449219
14/06/2021 12:04:51,-0.3257005479600694,-0.3259480794270833,-0.2621951633029514
14/06/2021 12:04:52,0.010343551635742188,-0.16657066345214844,-0.4988899230957031
14/06/2021 12:04:52,-0.09447733561197917,0.2743072509765625,0.3509148491753472
14/06/2021 12:04:53,0.0057163238525390625,-0.2582721710205078,-0.6199207305908203
14/06/2021 12:04:53,0.22654215494791666,-1.3450978597005208,-1.7092742919921875
14/06/2021 12:04:54,-0.05672645568847656,-0.5824546813964844,-0.9145526885986328
14/06/2021 12:04:54,-0.2714657253689236,-0.10915629069010417,-0.7903900146484375
14/06/2021 12:04:55,0.5146484375,-0.1469287872314453,-1.0313434600830078
14/06/2021 12:04:55,0.343719482421875,-0.6005001068115234,-0.6943550109863281
14/06/2021 12:04:56,-0.15291849772135416,0.2743581136067708,-0.043555365668402776
14/06/2021 12:04:56,0.12869834899902344,0.08582305908203125,0.3541908264160156
14/06/2021 12:04:57,0.2532975938585069,-0.3556399875217014,-0.4884372287326389
14/06/2021 12:04:57,0.001434326171875,-0.31845855712890625,-0.06762313842773438
14/06/2021 12:04:58,0.13177490234375,-0.6374901665581597,-0.09913804796006945
14/06/2021 12:04:58,-0.2759246826171875,0.071807861328125,-0.4257984161376953
14/06/2021 12:04:59,-0.2563290066189236,0.3685099283854167,0.024244520399305556
14/06/2021 12:04:59,0.346099853515625,0.4163990020751953,0.8491611480712891
14/06/2021 12:05:00,-0.3285081651475694,-0.3149888780381944,-0.4746365017361111
14/06/2021 12:05:00,0.06659317016601562,-0.2562389373779297,-0.3660869598388672
14/06/2021 12:05:01,0.08982340494791667,-0.06036546495225695,0.10138787163628472
14/06/2021 12:05:01,-0.1886730194091797,0.03626251220703125,-0.44441795349121094
14/06/2021 12:05:02,0.2051219940185547,-0.4304981231689453,-0.5518741607666016
14/06/2021 12:05:02,-0.005157470703125,0.11835861206054688,0.3513031005859375
14/06/2021 12:05:03,-0.07439994812011719,0.23656845092773438,0.710784912109375
14/06/2021 12:05:03,0.19210984971788195,0.5440724690755209,0.4882083468967014
14/06/2021 12:05:04,-0.30257606506347656,0.2430896759033203,0.5765762329101562
14/06/2021 12:05:04,-0.2138756646050347,-0.13392130533854166,-0.1622467041015625
14/06/2021 12:05:05,0.2511157989501953,-0.48542022705078125,-0.37729454040527344
14/06/2021 12:05:05,-0.09371778700086805,0.17089335123697916,-0.0206451416015625
14/06/2021 12:05:06,0.032169342041015625,0.11206626892089844,0.1521778106689453
14/06/2021 12:05:06,-0.20013427734375,-0.1410251193576389,0.14597066243489584
14/06/2021 12:05:07,0.11489677429199219,0.09296798706054688,0.4024372100830078
14/06/2021 12:05:07,0.1477745903862847,0.026746961805555556,0.5771484375
14/06/2021 12:05:08,-0.5295124053955078,-0.11841201782226562,0.035541534423828125
14/06/2021 12:05:08,0.3421516418457031,0.46195220947265625,-0.41717529296875
14/06/2021 12:05:09,0.4422793918185764,-0.3021087646484375,-1.0556386311848958
14/06/2021 12:05:09,-0.13670730590820312,-0.5573234558105469,-0.3888683319091797
14/06/2021 12:05:10,0.0637478298611111,0.23125712076822916,0.3478800455729167
14/06/2021 12:05:10,-0.09389877319335938,-0.082855224609375,-0.17885780334472656
14/06/2021 12:05:11,-0.0743442111545139,0.2007870144314236,0.031561957465277776
14/06/2021 12:05:11,0.15425682067871094,-0.3688697814941406,-0.079559326171875
14/06/2021 12:05:12,-0.2037506103515625,0.2342597113715278,0.16841295030381945
14/06/2021 12:05:12,0.1458873748779297,0.32089996337890625,0.5120067596435547
14/06/2021 12:05:13,-0.04302639431423611,-0.3255445692274306,-0.3062659369574653
14/06/2021 12:05:13,-0.018487930297851562,0.10358428955078125,-0.3986244201660156
14/06/2021 12:05:14,0.05950758192274305,-0.035178290473090276,-0.007319132486979167
14/06/2021 12:05:14,0.06940078735351562,-0.5292377471923828,-0.9550018310546875
14/06/2021 12:05:15,0.015071868896484375,-0.46608543395996094,-1.1442203521728516
14/06/2021 12:05:15,0.12167527940538195,-0.11715528700086805,-0.24023946126302084
14/06/2021 12:05:16,-0.013845443725585938,-0.20903587341308594,-0.4935188293457031
14/06/2021 12:05:16,0.024024115668402776,-0.2242550320095486,-0.1945716010199653
14/06/2021 12:05:17,0.00351715087890625,0.25628662109375,0.2509040832519531
14/06/2021 12:05:17,-0.09672715928819445,0.09991285536024305,0.4261830647786458
14/06/2021 12:05:18,0.07807731628417969,-0.11590385437011719,-0.39278602600097656
14/06/2021 12:05:18,0.1124233669704861,0.3429005940755208,0.530609130859375
14/06/2021 12:05:19,-0.08547210693359375,0.13187026977539062,0.14335250854492188
14/06/2021 12:05:19,0.06133863661024305,-0.3136088053385417,-0.8296559651692709
14/06/2021 12:05:20,0.0630645751953125,-0.09016990661621094,-0.14741897583007812
14/06/2021 12:05:20,0.09546915690104167,-0.2611728244357639,-0.2867448594835069
14/06/2021 12:05:21,0.09357643127441406,-0.6602649688720703,-0.9067173004150391
14/06/2021 12:05:21,-0.11359405517578125,-0.36182594299316406,-0.6550712585449219
14/06/2021 12:05:22,0.1786888970269097,0.04855177137586805,-0.14306131998697916
14/06/2021 12:05:22,0.044376373291015625,-0.28218841552734375,-0.5114517211914062
14/06/2021 12:05:23,-0.07968987358940972,-0.4736090766059028,-0.6059502495659722
14/06/2021 12:05:23,-0.02230072021484375,-0.0042266845703125,-0.5453071594238281
14/06/2021 12:05:24,0.2080010308159722,-0.3812934027777778,-0.8227335611979166
14/06/2021 12:05:24,0.17531776428222656,-0.7931137084960938,-1.6972007751464844
14/06/2021 12:05:25,0.12274000379774305,-0.4720967610677083,-0.6225094265407987
14/06/2021 12:05:25,-0.022146224975585938,-0.1570148468017578,-0.628997802734375
14/06/2021 12:05:26,0.0017242431640625,-0.006595187717013889,0.2257046169704861
14/06/2021 12:05:26,0.08464622497558594,0.3250083923339844,0.3946361541748047
14/06/2021 12:05:27,0.0667911105685764,-0.0012495252821180555,0.4420522054036458
14/06/2021 12:05:27,0.07040977478027344,-0.16768836975097656,-0.021894454956054688
14/06/2021 12:05:28,-0.21432876586914062,0.2620811462402344,-0.04811859130859375
14/06/2021 12:05:28,0.008687337239583334,0.3198004828559028,0.7681647406684028
14/06/2021 12:05:29,-0.001819610595703125,-0.04699134826660156,0.03645133972167969
14/06/2021 12:05:29,0.11399163140190972,0.006283230251736111,0.029735989040798612
14/06/2021 12:05:30,0.026014328002929688,0.6071262359619141,0.9560737609863281
14/06/2021 12:05:30,-0.12445068359375,1.227386474609375,0.17486063639322916
14/06/2021 12:05:31,-0.6188163757324219,-0.6917667388916016,0.7055587768554688
14/06/2021 12:05:31,-0.027916802300347224,0.15629069010416666,0.6525709364149306
14/06/2021 12:05:32,-0.4496135711669922,0.4218578338623047,0.5935840606689453
14/06/2021 12:05:32,0.3176354302300347,-0.5008714463975694,-0.11612447102864583
14/06/2021 12:05:33,0.2533702850341797,-0.23945045471191406,-0.026285171508789062
14/06/2021 12:05:33,-5.425347222222222E-5,0.1733127170138889,0.0856662326388889
14/06/2021 12:05:34,0.068756103515625,-0.3072166442871094,0.032291412353515625
14/06/2021 12:05:34,0.01856231689453125,0.3897132873535156,-0.01601409912109375
14/06/2021 12:05:35,0.3428516387939453,0.5033531188964844,0.125823974609375
14/06/2021 12:05:35,-0.2418689727783203,-0.3142070770263672,-0.12029647827148438
14/06/2021 12:05:36,-0.22267320421006945,-0.1197323269314236,-0.11166551378038195
14/06/2021 12:05:36,-5.550384521484375E-4,0.07277297973632812,0.1761455535888672
14/06/2021 12:05:37,0.07239617241753472,-0.026858859592013888,-0.001312255859375
14/06/2021 12:05:37,0.011075973510742188,0.13472366333007812,-0.09094619750976562
14/06/2021 12:05:38,0.20715501573350695,0.2979041205512153,0.3349456787109375
14/06/2021 12:05:38,-0.1710205078125,-0.1312713623046875,-0.21094894409179688
14/06/2021 12:05:39,-0.2687632242838542,-0.2790849473741319,-0.4790259467230903
14/06/2021 12:05:39,0.1579151153564453,-0.0054035186767578125,-0.02263641357421875
14/06/2021 12:05:40,-0.03262519836425781,-0.2585887908935547,-0.22989273071289062
14/06/2021 12:05:40,0.036487579345703125,-0.4170703887939453,-0.5779170989990234
14/06/2021 12:05:41,0.29209136962890625,0.3124828338623047,0.096649169921875
14/06/2021 12:05:41,-0.5308380126953125,0.5549392700195312,-0.1582469940185547
14/06/2021 12:05:42,1.0257091522216797,0.1174774169921875,-0.17286300659179688
14/06/2021 12:05:42,-0.5207010904947916,-0.5251617431640625,0.06740654839409722
14/06/2021 12:05:43,-0.5485801696777344,0.3130359649658203,0.48943519592285156
14/06/2021 12:05:43,0.060272216796875,-0.19893391927083334,-0.2825741238064236
14/06/2021 12:05:44,0.1414508819580078,-0.09139251708984375,0.3836498260498047
14/06/2021 12:05:44,0.13119337293836805,0.2611829969618056,0.4125552707248264
14/06/2021 12:05:45,0.10367584228515625,-0.1309947967529297,-0.13866233825683594
14/06/2021 12:05:45,-0.07224358452690972,0.05708482530381945,0.010443793402777778
14/06/2021 12:05:46,-0.03517341613769531,0.003520965576171875,-0.4397239685058594
14/06/2021 12:05:46,-0.025510999891493056,-0.4640875922309028,-0.1773495144314236
14/06/2021 12:05:47,-0.2325153350830078,0.16725540161132812,0.1964740753173828
14/06/2021 12:05:47,0.2110510932074653,0.12029859754774305,0.4414333767361111
14/06/2021 12:05:48,-0.13360023498535156,-0.017042160034179688,-0.07237434387207031
14/06/2021 12:05:48,-0.16498184204101562,0.12793350219726562,0.3028907775878906
14/06/2021 12:05:49,0.2263149685329861,0.4727647569444444,1.2045220269097223
14/06/2021 12:05:49,-0.030893325805664062,0.33985328674316406,0.866302490234375
14/06/2021 12:05:50,-0.09021504720052083,0.10808817545572917,0.8903249104817709
14/06/2021 12:05:50,0.13666725158691406,1.1556682586669922,1.6639537811279297
14/06/2021 12:05:51,-0.3694831000434028,0.3279283311631944,0.9413197835286459
14/06/2021 12:05:51,0.2875709533691406,-0.04522895812988281,0.20569419860839844
14/06/2021 12:05:52,0.1845550537109375,0.3116658528645833,0.6119367811414931
14/06/2021 12:05:52,0.03911590576171875,0.3683929443359375,0.3684215545654297
14/06/2021 12:05:53,0.1661003960503472,-0.6812913682725694,-1.0259619818793402
14/06/2021 12:05:53,0.0250244140625,-1.3617630004882812,-1.8094310760498047
14/06/2021 12:05:54,0.09869215223524305,-0.8082173665364584,-1.3498602973090277
14/06/2021 12:05:54,-0.2073345184326172,-0.4884223937988281,-0.9822864532470703
14/06/2021 12:05:55,-0.23454666137695312,0.05547332763671875,-0.1684246063232422
14/06/2021 12:05:55,0.2257927788628472,0.017610337999131944,0.4331105550130208
14/06/2021 12:05:56,-0.19230079650878906,0.09562873840332031,0.47889137268066406
14/06/2021 12:05:56,0.1135525173611111,-0.13653564453125,0.214385986328125
14/06/2021 12:05:57,0.11496162414550781,0.40164947509765625,0.41641807556152344
14/06/2021 12:05:57,-0.20189073350694445,0.09586588541666667,0.6561635335286459
14/06/2021 12:05:58,0.023286819458007812,-0.31499671936035156,-0.5637493133544922
14/06/2021 12:05:58,0.006061130099826389,0.3104994032118056,0.049218071831597224
14/06/2021 12:05:59,-0.17538070678710938,-0.11214256286621094,0.2074260711669922
14/06/2021 12:05:59,0.14080810546875,-0.22824266221788195,-0.5581987169053819
14/06/2021 12:06:00,0.0188751220703125,0.051456451416015625,-0.13955116271972656
14/06/2021 12:06:00,-0.05905914306640625,-0.11969757080078125,0.08162689208984375
14/06/2021 12:06:01,0.024370193481445312,-0.05591392517089844,-0.1655712127685547
14/06/2021 12:06:01,-5.7220458984375E-6,0.41748619079589844,0.7667465209960938
14/06/2021 12:06:02,-0.042700873480902776,-0.04838731553819445,0.3962690565321181
14/06/2021 12:06:02,4.940032958984375E-4,-0.04016876220703125,-0.09422111511230469
14/06/2021 12:06:03,0.1364203559027778,0.2663404676649306,0.4466213650173611
14/06/2021 12:06:03,0.2238292694091797,0.08362197875976562,0.5717239379882812
14/06/2021 12:06:04,0.025224473741319444,0.7597757975260416,0.9233788384331597
14/06/2021 12:06:04,0.044886271158854164,0.8249053955078125,1.1409200032552083
14/06/2021 12:06:05,-0.23489952087402344,0.4068126678466797,0.7905025482177734
14/06/2021 12:06:05,0.010400772094726562,0.1712665557861328,0.4188385009765625
14/06/2021 12:06:06,-0.12875196668836805,0.3886617024739583,0.3669247097439236
14/06/2021 12:06:06,0.025379180908203125,0.19764328002929688,0.4476337432861328
14/06/2021 12:06:07,0.07180976867675781,-0.3864250183105469,-0.6861553192138672
14/06/2021 12:06:07,0.023532443576388888,-0.2302212185329861,-0.5941552056206597
14/06/2021 12:06:08,-0.034051513671875,0.24897613525390624,0.24539947509765625
14/06/2021 12:06:08,-0.036472320556640625,-0.11376190185546875,0.2206439971923828
14/06/2021 12:06:09,0.036376953125,-0.12592569986979166,-0.0965389675564236
14/06/2021 12:06:09,-0.12060737609863281,0.2013568878173828,0.031156539916992188
14/06/2021 12:06:10,-0.04174635145399305,0.1865149603949653,0.4753044976128472
14/06/2021 12:06:10,0.029087066650390625,-0.15295791625976562,0.057159423828125
14/06/2021 12:06:11,-0.12644449869791666,-0.061774359809027776,-0.2908579508463542
14/06/2021 12:06:11,-0.03954505920410156,0.3224773406982422,0.5911769866943359
14/06/2021 12:06:12,0.10295274522569445,-0.2936164008246528,-0.3435024685329861
14/06/2021 12:06:12,0.1385326385498047,-0.2396717071533203,-0.5887508392333984
14/06/2021 12:06:13,0.3768424987792969,-0.09089851379394531,-0.5310020446777344
14/06/2021 12:06:13,0.07354905870225695,-0.7253231472439237,-0.8019002278645834
14/06/2021 12:06:14,0.026477813720703125,-0.6250095367431641,-0.9638786315917969
14/06/2021 12:06:14,0.029834323459201388,-0.020906236436631944,-0.4434271918402778
14/06/2021 12:06:15,-0.020814895629882812,-0.6078014373779297,-0.5745677947998047
14/06/2021 12:06:15,0.002371893988715278,-0.3816986083984375,-0.7843950059678819
14/06/2021 12:06:16,0.3340740203857422,0.8628883361816406,0.7513427734375
14/06/2021 12:06:16,-0.0842776828342014,0.8183017306857638,0.3632541232638889
14/06/2021 12:06:17,-0.9606800079345703,-0.707611083984375,0.34795379638671875
14/06/2021 12:06:17,0.2746598985460069,0.3328196207682292,0.5682406955295138
14/06/2021 12:06:18,0.095977783203125,-0.2732067108154297,-0.009977340698242188
14/06/2021 12:06:18,0.1578148735894097,0.3407999674479167,0.08349609375
14/06/2021 12:06:19,0.07931900024414062,0.45104026794433594,0.35303497314453125
14/06/2021 12:06:19,-0.23238182067871094,-0.7454643249511719,-0.5138473510742188
14/06/2021 12:06:20,-0.3604482014973958,-0.2113715277777778,-0.3064812554253472
14/06/2021 12:06:20,-0.1636810302734375,0.4828777313232422,0.8002948760986328
14/06/2021 12:06:21,0.10958014594184028,-0.22008260091145834,0.17190382215711805
14/06/2021 12:06:21,0.11983489990234375,0.5377254486083984,0.9125194549560547
14/06/2021 12:06:22,0.011774698893229166,0.3477834065755208,0.7446373833550347
14/06/2021 12:06:22,-0.05506134033203125,-0.19683837890625,0.11857795715332031
14/06/2021 12:06:23,0.20614793565538195,0.4404212103949653,0.5067884657118056
14/06/2021 12:06:23,-0.0333709716796875,0.1575603485107422,0.4255180358886719
14/06/2021 12:06:24,-0.027170817057291668,0.06235080295138889,0.1530117458767361
14/06/2021 12:06:24,-0.0073795318603515625,0.46605682373046875,0.8213882446289062
14/06/2021 12:06:25,-0.23144361707899305,0.05717298719618055,0.4220716688368056
14/06/2021 12:06:25,0.019145965576171875,0.26244544982910156,0.6346645355224609
14/06/2021 12:06:26,0.4417457580566406,0.7157402038574219,1.2428531646728516
14/06/2021 12:06:26,-0.08127000596788195,0.21911451551649305,0.2539571126302083
14/06/2021 12:06:27,0.023616790771484375,-3.4332275390625E-5,-0.23799705505371094
14/06/2021 12:06:27,-0.07829793294270833,0.0763363308376736,0.0087432861328125
14/06/2021 12:06:28,-0.3086280822753906,-0.4881134033203125,-0.5771198272705078
14/06/2021 12:06:28,-0.4296213785807292,-0.20532735188802084,0.1565636528862847
14/06/2021 12:06:29,-0.6798362731933594,-0.34180450439453125,-0.0704193115234375
14/06/2021 12:06:29,-0.004136827256944444,0.21429612901475695,-0.3836669921875
14/06/2021 12:06:30,0.48329734802246094,0.9077968597412109,-0.74737548828125
14/06/2021 12:06:30,0.328338623046875,-0.2401919894748264,-0.2840321858723958
14/06/2021 12:06:31,-0.10477256774902344,-0.5207881927490234,-0.3797473907470703
14/06/2021 12:06:31,0.06296454535590278,0.5395016140407987,0.6691267225477431
14/06/2021 12:06:32,-1.0250167846679688,-0.7293510437011719,0.8411922454833984
14/06/2021 12:06:32,0.3975677490234375,0.8298721313476562,-0.6782093048095703
14/06/2021 12:06:33,8.087158203125E-4,8.053249782986111E-4,7.883707682291666E-4
14/06/2021 12:06:33,6.9427490234375E-4,5.340576171875E-4,7.305145263671875E-4
14/06/2021 12:06:34,5.781385633680555E-4,6.323920355902778E-4,8.561876085069445E-4
14/06/2021 12:06:34,4.9591064453125E-4,8.678436279296875E-4,8.983612060546875E-4
14/06/2021 12:06:35,7.408989800347222E-4,5.289713541666666E-4,8.443196614583334E-4
14/06/2021 12:06:35,6.59942626953125E-4,6.21795654296875E-4,7.610321044921875E-4
14/06/2021 12:06:36,7.137722439236111E-4,6.934271918402778E-4,9.867350260416667E-4
14/06/2021 12:06:36,8.1634521484375E-4,5.702972412109375E-4,6.198883056640625E-4
14/06/2021 12:06:37,9.087456597222222E-4,7.832845052083334E-4,6.391737196180555E-4
14/06/2021 12:06:37,6.9427490234375E-4,6.103515625E-4,0.001007080078125
14/06/2021 12:06:38,6.694793701171875E-4,6.82830810546875E-4,0.00102996826171875
14/06/2021 12:06:38,7.4005126953125E-4,6.771087646484375E-4,6.542205810546875E-4
14/06/2021 12:06:39,4.374186197916667E-4,7.917616102430555E-4,8.578830295138889E-4
14/06/2021 12:06:39,5.588531494140625E-4,5.98907470703125E-4,7.877349853515625E-4
14/06/2021 12:06:40,8.945465087890625E-4,5.45501708984375E-4,7.171630859375E-4
14/06/2021 12:06:40,5.730523003472222E-4,6.934271918402778E-4,8.087158203125E-4
14/06/2021 12:06:41,-3.01361083984375E-4,2.63214111328125E-4,-9.5367431640625E-6
14/06/2021 12:06:41,-5.272759331597222E-4,-2.8313530815972225E-4,-1.0511610243055556E-4
14/06/2021 12:06:42,-7.114410400390625E-4,-4.444122314453125E-4,-2.803802490234375E-4
14/06/2021 12:06:42,0.10492451985677083,-0.7755652533637153,0.7441304524739584
14/06/2021 12:06:43,1.102102279663086,1.2120075225830078,0.2978935241699219
14/06/2021 12:06:43,0.2221340603298611,-0.21798875596788195,0.081298828125
14/06/2021 12:06:44,0.014190673828125,0.20480728149414062,0.4944782257080078
14/06/2021 12:06:44,-0.3223758273654514,0.047600640190972224,-0.21257527669270834
14/06/2021 12:06:45,-1.2481040954589844,-0.7471065521240234,-0.07460784912109375
14/06/2021 12:06:45,-0.49095916748046875,-0.08095932006835938,-0.5255012512207031
14/06/2021 12:06:46,0.1705303192138672,1.0740547180175781,-0.6738395690917969
14/06/2021 12:06:46,-0.0013446807861328125,2.86102294921875E-5,-2.269744873046875E-4
14/06/2021 12:06:47,-1.1698404947916667E-4,-3.9842393663194444E-4,-1.52587890625E-5
14/06/2021 12:06:47,5.91278076171875E-5,2.47955322265625E-5,8.58306884765625E-5
14/06/2021 12:06:48,-2.543131510416667E-4,8.477105034722223E-6,-2.933078342013889E-4
14/06/2021 12:06:48,-3.662109375E-4,1.430511474609375E-4,7.2479248046875E-5
14/06/2021 12:06:49,-3.238254123263889E-4,-6.103515625E-5,-4.7471788194444445E-5
14/06/2021 12:06:49,-2.193450927734375E-4,-1.220703125E-4,-2.0599365234375E-4
14/06/2021 12:06:50,-1.5767415364583334E-4,-2.1870930989583334E-4,-4.0520562065972225E-4
14/06/2021 12:06:50,-1.8310546875E-4,-1.125335693359375E-4,-2.3651123046875E-4
14/06/2021 12:06:51,-2.3566351996527778E-4,-1.3054741753472222E-4,2.2040473090277777E-5
14/06/2021 12:06:51,-1.18255615234375E-4,-2.02178955078125E-4,-1.02996826171875E-4
14/06/2021 12:06:52,-9.72747802734375E-5,-7.62939453125E-5,-1.239776611328125E-4
14/06/2021 12:06:52,-1.6615125868055556E-4,-1.1867947048611111E-4,1.0172526041666667E-4
14/06/2021 12:06:53,-3.204345703125E-4,-5.91278076171875E-5,-1.48773193359375E-4
14/06/2021 12:06:53,-0.6638115776909722,-0.2114749484592014,0.1065097384982639
14/06/2021 12:06:54,1.5188674926757812,0.08934974670410156,1.0108318328857422
14/06/2021 12:06:54,0.3600056966145833,-0.08460320366753472,-0.1615532769097222
14/06/2021 12:06:55,-0.05360221862792969,-0.01137542724609375,0.047801971435546875
14/06/2021 12:06:55,-0.4143625895182292,-0.29730224609375,0.020933363172743056
14/06/2021 12:06:56,-0.4050121307373047,-0.3143444061279297,-0.3660774230957031
14/06/2021 12:06:56,-0.025324503580729168,-0.010674370659722222,0.3335995144314236
14/06/2021 12:06:57,-0.3164081573486328,0.27899742126464844,0.12151336669921875
14/06/2021 12:06:57,0.1171383327907986,-0.1978335910373264,0.063079833984375
14/06/2021 12:06:58,-2.193450927734375E-4,-2.346038818359375E-4,-1.277923583984375E-4
14/06/2021 12:06:58,8.96453857421875E-5,-3.337860107421875E-4,-2.155303955078125E-4
14/06/2021 12:06:59,-6.4849853515625E-5,-3.223419189453125E-4,-7.05718994140625E-5
14/06/2021 12:06:59,-1.735687255859375E-4,-3.01361083984375E-4,-2.498626708984375E-4
14/06/2021 12:07:00,-1.6615125868055556E-4,-1.2037489149305556E-4,-5.9339735243055555E-5
14/06/2021 12:07:00,-2.44140625E-4,-2.44140625E-4,-9.34600830078125E-5
14/06/2021 12:07:01,-4.2046440972222225E-4,-6.951226128472222E-5,1.6954210069444444E-6
14/06/2021 12:07:01,3.4332275390625E-5,-5.53131103515625E-5,8.392333984375E-5
14/06/2021 12:07:02,-1.7462836371527778E-4,-2.6618109809027775E-4,8.138020833333333E-5
14/06/2021 12:07:02,-2.422332763671875E-4,-1.430511474609375E-4,-1.373291015625E-4
14/06/2021 12:07:03,-0.016942342122395832,-0.6145002577039931,-0.003409491644965278
14/06/2021 12:07:03,0.03834342956542969,0.9945564270019531,0.42873191833496094
14/06/2021 12:07:04,0.2873602973090278,-0.19561598036024305,0.024236043294270832
14/06/2021 12:07:04,-0.2871837615966797,-0.40933990478515625,-0.4391918182373047
14/06/2021 12:07:05,0.37500572204589844,-0.1148529052734375,0.1832122802734375
14/06/2021 12:07:05,0.50811767578125,0.1856011284722222,-0.012071397569444444
