time,lat,long
14/06/2021 12:00:39,26.8811952,88.8045031
14/06/2021 12:00:39,26.8811952,88.8045031
14/06/2021 12:00:40,26.8811952,88.8045031
14/06/2021 12:00:40,26.881174,88.8042133
14/06/2021 12:00:41,26.881174,88.8042133
14/06/2021 12:00:41,26.8811654,88.8041585
14/06/2021 12:00:42,26.8811654,88.8041585
14/06/2021 12:00:42,26.8811606,88.8041514
14/06/2021 12:00:43,26.8811606,88.8041514
14/06/2021 12:00:43,26.8811677,88.804157
14/06/2021 12:00:44,26.8811677,88.804157
14/06/2021 12:00:44,26.8811726,88.8041663
14/06/2021 12:00:45,26.8811726,88.8041663
14/06/2021 12:00:45,26.8811764,88.8041679
14/06/2021 12:00:46,26.8811764,88.8041679
14/06/2021 12:00:46,26.8811787,88.8041682
14/06/2021 12:00:47,26.881182,88.8041682
14/06/2021 12:00:47,26.8811834,88.804168
14/06/2021 12:00:48,26.8811834,88.804168
14/06/2021 12:00:48,26.8811853,88.8041677
14/06/2021 12:00:49,26.8811853,88.8041677
14/06/2021 12:00:49,26.8811837,88.8041686
14/06/2021 12:00:50,26.8811828,88.8041689
14/06/2021 12:00:50,26.8811811,88.8041692
14/06/2021 12:00:51,26.8811811,88.8041692
14/06/2021 12:00:51,26.8811802,88.8041693
14/06/2021 12:00:52,26.8811802,88.8041693
14/06/2021 12:00:52,26.8811786,88.8041693
14/06/2021 12:00:53,26.8811786,88.8041693
14/06/2021 12:00:53,26.8811729,88.8041687
14/06/2021 12:00:54,26.8811729,88.8041687
14/06/2021 12:00:54,26.8811687,88.8041685
14/06/2021 12:00:55,26.8811675,88.8041687
14/06/2021 12:00:55,26.8811661,88.8041693
14/06/2021 12:00:56,26.881165,88.8041696
14/06/2021 12:00:56,26.881164,88.80417
14/06/2021 12:00:57,26.881164,88.80417
14/06/2021 12:00:57,26.8811631,88.8041701
14/06/2021 12:00:58,26.8811622,88.8041701
14/06/2021 12:00:58,26.8811614,88.8041698
14/06/2021 12:00:59,26.8811605,88.8041695
14/06/2021 12:00:59,26.8811599,88.8041694
14/06/2021 12:01:00,26.8811599,88.8041694
14/06/2021 12:01:00,26.8811588,88.8041692
14/06/2021 12:01:01,26.8811588,88.8041692
14/06/2021 12:01:01,26.8811585,88.8041693
14/06/2021 12:01:02,26.8811585,88.8041693
14/06/2021 12:01:02,26.8811583,88.8041697
14/06/2021 12:01:03,26.8811583,88.8041697
14/06/2021 12:01:03,26.8811582,88.8041698
14/06/2021 12:01:04,26.8811582,88.8041698
14/06/2021 12:01:04,26.8811593,88.8041679
14/06/2021 12:01:05,26.8811593,88.8041679
14/06/2021 12:01:05,26.88116,88.8041666
14/06/2021 12:01:06,26.8811615,88.8041642
14/06/2021 12:01:06,26.8811623,88.8041628
14/06/2021 12:01:07,26.8811623,88.8041628
14/06/2021 12:01:07,26.8811637,88.8041604
14/06/2021 12:01:08,26.8811637,88.8041604
14/06/2021 12:01:08,26.8811674,88.8041558
14/06/2021 12:01:09,26.8811674,88.8041558
14/06/2021 12:01:09,26.8811694,88.8041532
14/06/2021 12:01:10,26.8811694,88.8041532
14/06/2021 12:01:10,26.8811707,88.8041513
14/06/2021 12:01:11,26.8811728,88.8041493
14/06/2021 12:01:11,26.8811746,88.8041475
14/06/2021 12:01:12,26.8811746,88.8041475
14/06/2021 12:01:12,26.8811846,88.8041382
14/06/2021 12:01:13,26.8811846,88.8041382
14/06/2021 12:01:13,26.8811963,88.8041312
14/06/2021 12:01:14,26.8811963,88.8041312
14/06/2021 12:01:14,26.8812035,88.804131
14/06/2021 12:01:15,26.8812083,88.8041284
14/06/2021 12:01:15,26.8812107,88.8041282
14/06/2021 12:01:16,26.8812107,88.8041282
14/06/2021 12:01:16,26.8812166,88.8041274
14/06/2021 12:01:17,26.8812166,88.8041274
14/06/2021 12:01:17,26.8812202,88.8041281
14/06/2021 12:01:18,26.8812202,88.8041281
14/06/2021 12:01:18,26.881224,88.8041281
14/06/2021 12:01:19,26.8812279,88.8041277
14/06/2021 12:01:19,26.8812292,88.8041285
14/06/2021 12:01:20,26.8812315,88.8041278
14/06/2021 12:01:20,26.8812324,88.8041278
14/06/2021 12:01:21,26.8812324,88.8041278
14/06/2021 12:01:21,26.8812347,88.8041257
14/06/2021 12:01:22,26.8812347,88.8041257
14/06/2021 12:01:22,26.8812352,88.8041245
14/06/2021 12:01:23,26.8812352,88.8041245
14/06/2021 12:01:23,26.8812355,88.8041229
14/06/2021 12:01:24,26.8812355,88.8041229
14/06/2021 12:01:24,26.8812364,88.8041202
14/06/2021 12:01:25,26.8812364,88.8041202
14/06/2021 12:01:25,26.8812369,88.8041182
14/06/2021 12:01:26,26.8812369,88.8041182
14/06/2021 12:01:26,26.8812377,88.8041154
14/06/2021 12:01:27,26.8812386,88.8041129
14/06/2021 12:01:27,26.8812389,88.804111
14/06/2021 12:01:28,26.8812389,88.804111
14/06/2021 12:01:28,26.88124,88.8041089
14/06/2021 12:01:29,26.88124,88.8041089
14/06/2021 12:01:29,26.881241,88.8041072
14/06/2021 12:01:30,26.8812417,88.8041065
14/06/2021 12:01:30,26.8812414,88.8041062
14/06/2021 12:01:31,26.8812414,88.8041062
14/06/2021 12:01:31,26.8812417,88.8041058
14/06/2021 12:01:32,26.8812417,88.8041058
14/06/2021 12:01:32,26.8812422,88.8041056
14/06/2021 12:01:33,26.8812422,88.8041056
14/06/2021 12:01:33,26.8812425,88.8041055
14/06/2021 12:01:34,26.8812425,88.8041055
14/06/2021 12:01:34,26.8812422,88.8041055
14/06/2021 12:01:35,26.8812422,88.8041055
14/06/2021 12:01:35,26.8812417,88.8041053
14/06/2021 12:01:36,26.8812417,88.8041053
14/06/2021 12:01:36,26.8812414,88.8041051
14/06/2021 12:01:37,26.8812414,88.8041051
14/06/2021 12:01:37,26.8812411,88.8041044
14/06/2021 12:01:38,26.8812411,88.8041044
14/06/2021 12:01:38,26.8812419,88.8041025
14/06/2021 12:01:39,26.8812419,88.8041025
14/06/2021 12:01:39,26.8812434,88.8041001
14/06/2021 12:01:40,26.8812434,88.8041001
14/06/2021 12:01:40,26.8812448,88.8040978
14/06/2021 12:01:41,26.8812447,88.8040964
14/06/2021 12:01:41,26.8812444,88.8040945
14/06/2021 12:01:42,26.8812441,88.8040925
14/06/2021 12:01:42,26.8812442,88.80409
14/06/2021 12:01:43,26.8812442,88.80409
14/06/2021 12:01:43,26.8812461,88.8040861
14/06/2021 12:01:44,26.8812461,88.8040861
14/06/2021 12:01:44,26.8812485,88.8040849
14/06/2021 12:01:45,26.8812513,88.804085
14/06/2021 12:01:45,26.8812532,88.8040863
14/06/2021 12:01:46,26.8812532,88.8040863
14/06/2021 12:01:46,26.8812556,88.8040915
14/06/2021 12:01:47,26.8812556,88.8040915
14/06/2021 12:01:47,26.8812543,88.8040957
14/06/2021 12:01:48,26.8812543,88.8040957
14/06/2021 12:01:48,26.8812528,88.8041008
14/06/2021 12:01:49,26.8812528,88.8041008
14/06/2021 12:01:49,26.8812507,88.8041067
14/06/2021 12:01:50,26.8812507,88.8041067
14/06/2021 12:01:50,26.8812508,88.804111
14/06/2021 12:01:51,26.8812508,88.804111
14/06/2021 12:01:51,26.8812528,88.8041131
14/06/2021 12:01:52,26.8812528,88.8041131
14/06/2021 12:01:52,26.881255,88.8041135
14/06/2021 12:01:53,26.881255,88.8041135
14/06/2021 12:01:53,26.8812584,88.8041135
14/06/2021 12:01:54,26.8812584,88.8041135
14/06/2021 12:01:54,26.8812639,88.8041123
14/06/2021 12:01:55,26.8812639,88.8041123
14/06/2021 12:01:55,26.8812661,88.8041116
14/06/2021 12:01:56,26.8812661,88.8041116
14/06/2021 12:01:56,26.8812682,88.8041103
14/06/2021 12:01:57,26.8812698,88.8041082
14/06/2021 12:01:57,26.8812705,88.8041062
14/06/2021 12:01:58,26.8812705,88.8041062
14/06/2021 12:01:58,26.8812703,88.8041031
14/06/2021 12:01:59,26.8812703,88.8041031
14/06/2021 12:01:59,26.8812679,88.8040992
14/06/2021 12:02:00,26.881266,88.8040973
14/06/2021 12:02:00,26.8812632,88.8040954
14/06/2021 12:02:01,26.8812613,88.8040946
14/06/2021 12:02:01,26.8812587,88.8040938
14/06/2021 12:02:02,26.8812552,88.8040936
14/06/2021 12:02:02,26.8812524,88.8040937
14/06/2021 12:02:03,26.8812524,88.8040937
14/06/2021 12:02:03,26.881249,88.804093
14/06/2021 12:02:04,26.8812483,88.8040923
14/06/2021 12:02:04,26.8812476,88.8040906
14/06/2021 12:02:05,26.8812476,88.8040906
14/06/2021 12:02:05,26.8812485,88.8040874
14/06/2021 12:02:06,26.8812485,88.8040874
14/06/2021 12:02:06,26.8812506,88.8040878
14/06/2021 12:02:07,26.8812506,88.8040878
14/06/2021 12:02:07,26.8812537,88.8040917
14/06/2021 12:02:08,26.881253,88.8040941
14/06/2021 12:02:08,26.881252,88.8040971
14/06/2021 12:02:09,26.881252,88.8040971
14/06/2021 12:02:09,26.8812497,88.8041032
14/06/2021 12:02:10,26.8812491,88.8041065
14/06/2021 12:02:10,26.8812501,88.8041085
14/06/2021 12:02:11,26.8812501,88.8041085
14/06/2021 12:02:11,26.8812514,88.8041095
14/06/2021 12:02:12,26.8812514,88.8041095
14/06/2021 12:02:12,26.881254,88.8041108
14/06/2021 12:02:13,26.8812535,88.8041111
14/06/2021 12:02:13,26.8812522,88.8041107
14/06/2021 12:02:14,26.8812522,88.8041107
14/06/2021 12:02:14,26.8812508,88.8041095
14/06/2021 12:02:15,26.8812508,88.8041095
14/06/2021 12:02:15,26.8812502,88.8041074
14/06/2021 12:02:16,26.8812502,88.8041074
14/06/2021 12:02:16,26.8812492,88.8041072
14/06/2021 12:02:17,26.8812492,88.8041072
14/06/2021 12:02:17,26.8812466,88.8041078
14/06/2021 12:02:18,26.8812466,88.8041078
14/06/2021 12:02:18,26.8812432,88.80411
14/06/2021 12:02:19,26.8812405,88.8041119
14/06/2021 12:02:19,26.8812368,88.8041153
14/06/2021 12:02:20,26.8812368,88.8041153
14/06/2021 12:02:20,26.881234,88.8041193
14/06/2021 12:02:21,26.8812329,88.8041215
14/06/2021 12:02:21,26.8812329,88.8041215
14/06/2021 12:02:22,26.8812329,88.8041215
14/06/2021 12:02:22,26.8812331,88.8041231
14/06/2021 12:02:23,26.8812331,88.8041231
14/06/2021 12:02:23,26.8812338,88.8041243
14/06/2021 12:02:24,26.8812338,88.8041243
14/06/2021 12:02:24,26.8812334,88.8041256
14/06/2021 12:02:25,26.8812334,88.8041256
14/06/2021 12:02:25,26.8812329,88.8041267
14/06/2021 12:02:26,26.8812325,88.8041276
14/06/2021 12:02:26,26.8812328,88.8041284
14/06/2021 12:02:27,26.8812325,88.8041289
14/06/2021 12:02:27,26.8812329,88.8041295
14/06/2021 12:02:28,26.8812329,88.8041295
14/06/2021 12:02:28,26.8812323,88.8041304
14/06/2021 12:02:29,26.8812323,88.8041304
14/06/2021 12:02:29,26.8812324,88.8041308
14/06/2021 12:02:30,26.8812329,88.8041307
14/06/2021 12:02:30,26.8812338,88.8041306
14/06/2021 12:02:31,26.8812338,88.8041306
14/06/2021 12:02:31,26.8812352,88.8041291
14/06/2021 12:02:32,26.8812339,88.8041266
14/06/2021 12:02:32,26.8812315,88.8041247
14/06/2021 12:02:33,26.8812315,88.8041247
14/06/2021 12:02:33,26.8812293,88.8041222
14/06/2021 12:02:34,26.8812279,88.8041201
14/06/2021 12:02:34,26.8812273,88.804118
14/06/2021 12:02:35,26.8812272,88.8041167
14/06/2021 12:02:35,26.8812274,88.8041152
14/06/2021 12:02:36,26.8812274,88.8041152
14/06/2021 12:02:36,26.881227,88.8041136
14/06/2021 12:02:37,26.881227,88.8041136
14/06/2021 12:02:37,26.8812265,88.8041118
14/06/2021 12:02:38,26.8812265,88.8041118
14/06/2021 12:02:38,26.881226,88.8041104
14/06/2021 12:02:39,26.881226,88.8041104
14/06/2021 12:02:39,26.8812244,88.8041091
14/06/2021 12:02:40,26.8812244,88.8041091
14/06/2021 12:02:40,26.8812241,88.8041088
14/06/2021 12:02:41,26.8812241,88.8041088
14/06/2021 12:02:41,26.881224,88.8041088
14/06/2021 12:02:42,26.881224,88.8041088
14/06/2021 12:02:42,26.8812243,88.8041091
14/06/2021 12:02:43,26.8812243,88.8041091
14/06/2021 12:02:43,26.881224,88.8041101
14/06/2021 12:02:44,26.8812235,88.8041116
14/06/2021 12:02:44,26.8812225,88.8041137
14/06/2021 12:02:45,26.8812221,88.8041153
14/06/2021 12:02:45,26.8812221,88.8041168
14/06/2021 12:02:46,26.8812221,88.8041168
14/06/2021 12:02:46,26.8812221,88.8041194
14/06/2021 12:02:47,26.8812221,88.8041194
14/06/2021 12:02:47,26.8812224,88.8041213
14/06/2021 12:02:48,26.8812227,88.8041224
14/06/2021 12:02:48,26.8812235,88.8041228
14/06/2021 12:02:49,26.881224,88.8041225
14/06/2021 12:02:49,26.881225,88.8041216
14/06/2021 12:02:50,26.881225,88.8041216
14/06/2021 12:02:50,26.8812259,88.804119
14/06/2021 12:02:51,26.8812259,88.804119
14/06/2021 12:02:51,26.8812263,88.8041177
14/06/2021 12:02:52,26.881227,88.8041153
14/06/2021 12:02:52,26.8812277,88.8041137
14/06/2021 12:02:53,26.8812277,88.8041137
14/06/2021 12:02:53,26.8812292,88.8041102
14/06/2021 12:02:54,26.8812292,88.8041102
14/06/2021 12:02:54,26.8812313,88.804105
14/06/2021 12:02:55,26.881232,88.8041033
14/06/2021 12:02:55,26.881232,88.8041033
14/06/2021 12:02:56,26.8812329,88.8041006
14/06/2021 12:02:56,26.8812332,88.8040983
14/06/2021 12:02:57,26.881233,88.804097
14/06/2021 12:02:57,26.8812326,88.8040946
14/06/2021 12:02:58,26.8812326,88.8040946
14/06/2021 12:02:58,26.8812297,88.8040931
14/06/2021 12:02:59,26.8812278,88.8040937
14/06/2021 12:02:59,26.8812247,88.8040954
14/06/2021 12:03:00,26.8812247,88.8040954
14/06/2021 12:03:00,26.8812216,88.8040984
14/06/2021 12:03:01,26.8812204,88.8041007
14/06/2021 12:03:01,26.8812193,88.8041039
14/06/2021 12:03:02,26.8812193,88.8041039
14/06/2021 12:03:02,26.8812176,88.8041098
14/06/2021 12:03:03,26.8812162,88.8041145
14/06/2021 12:03:03,26.8812152,88.8041178
14/06/2021 12:03:04,26.8812141,88.8041214
14/06/2021 12:03:04,26.8812132,88.8041245
14/06/2021 12:03:05,26.8812115,88.8041289
14/06/2021 12:03:05,26.8812101,88.8041314
14/06/2021 12:03:06,26.8812083,88.8041338
14/06/2021 12:03:06,26.8812083,88.8041338
14/06/2021 12:03:07,26.881206,88.8041359
14/06/2021 12:03:07,26.8812042,88.8041357
14/06/2021 12:03:08,26.8812042,88.8041357
14/06/2021 12:03:08,26.8812017,88.804133
14/06/2021 12:03:09,26.8812,88.8041295
14/06/2021 12:03:09,26.8811982,88.8041264
14/06/2021 12:03:10,26.8811982,88.8041264
14/06/2021 12:03:10,26.8811943,88.8041221
14/06/2021 12:03:11,26.8811943,88.8041221
14/06/2021 12:03:11,26.8811918,88.8041207
14/06/2021 12:03:12,26.8811918,88.8041207
14/06/2021 12:03:12,26.8811877,88.8041191
14/06/2021 12:03:13,26.8811852,88.8041185
14/06/2021 12:03:13,26.8811825,88.8041184
14/06/2021 12:03:14,26.8811825,88.8041184
14/06/2021 12:03:14,26.8811789,88.8041201
14/06/2021 12:03:15,26.8811789,88.8041201
14/06/2021 12:03:15,26.8811779,88.8041225
14/06/2021 12:03:16,26.8811784,88.8041242
14/06/2021 12:03:16,26.881179,88.8041267
14/06/2021 12:03:17,26.881179,88.8041267
14/06/2021 12:03:17,26.8811831,88.8041317
14/06/2021 12:03:18,26.8811831,88.8041317
14/06/2021 12:03:18,26.881186,88.8041337
14/06/2021 12:03:19,26.881186,88.8041337
14/06/2021 12:03:19,26.8811866,88.8041346
14/06/2021 12:03:20,26.8811866,88.8041346
14/06/2021 12:03:20,26.8811866,88.8041341
14/06/2021 12:03:21,26.8811866,88.8041327
14/06/2021 12:03:21,26.8811858,88.8041314
14/06/2021 12:03:22,26.8811858,88.8041314
14/06/2021 12:03:22,26.8811849,88.8041297
14/06/2021 12:03:23,26.8811849,88.8041297
14/06/2021 12:03:23,26.8811856,88.8041302
14/06/2021 12:03:24,26.8811856,88.8041302
14/06/2021 12:03:24,26.881186,88.8041313
14/06/2021 12:03:25,26.881186,88.8041313
14/06/2021 12:03:25,26.8811863,88.8041331
14/06/2021 12:03:26,26.8811864,88.804133
14/06/2021 12:03:26,26.8811859,88.8041326
14/06/2021 12:03:27,26.8811859,88.8041326
14/06/2021 12:03:27,26.881186,88.8041313
14/06/2021 12:03:28,26.881186,88.8041313
14/06/2021 12:03:28,26.8811878,88.8041287
14/06/2021 12:03:29,26.8811886,88.8041276
14/06/2021 12:03:29,26.8811897,88.8041257
14/06/2021 12:03:30,26.8811897,88.8041257
14/06/2021 12:03:30,26.881191,88.8041236
14/06/2021 12:03:31,26.881191,88.8041236
14/06/2021 12:03:31,26.8811944,88.8041219
14/06/2021 12:03:32,26.8811944,88.8041219
14/06/2021 12:03:32,26.8811967,88.8041213
14/06/2021 12:03:33,26.8811967,88.8041213
14/06/2021 12:03:33,26.8811994,88.8041214
14/06/2021 12:03:34,26.8812014,88.8041218
14/06/2021 12:03:34,26.8812036,88.8041226
14/06/2021 12:03:35,26.8812036,88.8041226
14/06/2021 12:03:35,26.8812049,88.8041233
14/06/2021 12:03:36,26.8812059,88.8041241
14/06/2021 12:03:36,26.8812069,88.8041252
14/06/2021 12:03:37,26.8812069,88.8041252
14/06/2021 12:03:37,26.8812077,88.8041269
14/06/2021 12:03:38,26.8812077,88.8041269
14/06/2021 12:03:38,26.8812087,88.8041284
14/06/2021 12:03:39,26.8812087,88.8041284
14/06/2021 12:03:39,26.8812091,88.8041293
14/06/2021 12:03:40,26.8812091,88.8041293
14/06/2021 12:03:40,26.88121,88.804131
14/06/2021 12:03:41,26.88121,88.804131
14/06/2021 12:03:41,26.8812102,88.8041317
14/06/2021 12:03:42,26.8812102,88.8041317
14/06/2021 12:03:42,26.8812108,88.8041316
14/06/2021 12:03:43,26.8812108,88.8041316
14/06/2021 12:03:43,26.8812116,88.8041317
14/06/2021 12:03:44,26.8812126,88.8041314
14/06/2021 12:03:44,26.8812136,88.8041308
14/06/2021 12:03:45,26.8812136,88.8041308
14/06/2021 12:03:45,26.8812158,88.8041288
14/06/2021 12:03:46,26.8812158,88.8041288
14/06/2021 12:03:46,26.8812167,88.8041275
14/06/2021 12:03:47,26.8812167,88.8041275
14/06/2021 12:03:47,26.8812182,88.8041253
14/06/2021 12:03:48,26.8812182,88.8041253
14/06/2021 12:03:48,26.8812202,88.8041215
14/06/2021 12:03:49,26.8812208,88.8041201
14/06/2021 12:03:49,26.8812217,88.804118
14/06/2021 12:03:50,26.8812217,88.804118
14/06/2021 12:03:50,26.8812226,88.8041167
14/06/2021 12:03:51,26.8812226,88.8041167
14/06/2021 12:03:51,26.8812243,88.8041142
14/06/2021 12:03:52,26.8812243,88.8041142
14/06/2021 12:03:52,26.8812276,88.8041102
14/06/2021 12:03:53,26.8812276,88.8041102
14/06/2021 12:03:53,26.88123,88.8041079
14/06/2021 12:03:54,26.88123,88.8041079
14/06/2021 12:03:54,26.8812309,88.8041076
14/06/2021 12:03:55,26.8812309,88.8041076
14/06/2021 12:03:55,26.8812323,88.8041093
14/06/2021 12:03:56,26.8812323,88.8041093
14/06/2021 12:03:56,26.8812314,88.8041135
14/06/2021 12:03:57,26.8812314,88.8041135
14/06/2021 12:03:57,26.8812281,88.804118
14/06/2021 12:03:58,26.8812281,88.804118
14/06/2021 12:03:58,26.8812251,88.804121
14/06/2021 12:03:59,26.8812232,88.8041225
14/06/2021 12:03:59,26.881221,88.8041244
14/06/2021 12:04:00,26.8812196,88.8041255
14/06/2021 12:04:00,26.8812181,88.804127
14/06/2021 12:04:01,26.8812166,88.8041285
14/06/2021 12:04:01,26.8812166,88.8041285
14/06/2021 12:04:02,26.8812146,88.8041306
14/06/2021 12:04:02,26.8812135,88.8041321
14/06/2021 12:04:03,26.8812135,88.8041321
14/06/2021 12:04:03,26.8812117,88.8041349
14/06/2021 12:04:04,26.8812099,88.8041379
14/06/2021 12:04:04,26.8812084,88.8041405
14/06/2021 12:04:05,26.8812084,88.8041405
14/06/2021 12:04:05,26.8812068,88.8041429
14/06/2021 12:04:06,26.881205,88.8041452
14/06/2021 12:04:06,26.8812035,88.8041467
14/06/2021 12:04:07,26.8812035,88.8041467
14/06/2021 12:04:07,26.8812014,88.8041471
14/06/2021 12:04:08,26.8812014,88.8041471
14/06/2021 12:04:08,26.881199,88.8041439
14/06/2021 12:04:09,26.881199,88.8041439
14/06/2021 12:04:09,26.881198,88.8041422
14/06/2021 12:04:10,26.8811966,88.8041396
14/06/2021 12:04:10,26.8811952,88.8041382
14/06/2021 12:04:11,26.8811939,88.8041365
14/06/2021 12:04:11,26.8811923,88.8041347
14/06/2021 12:04:12,26.8811923,88.8041347
14/06/2021 12:04:12,26.8811905,88.8041321
14/06/2021 12:04:13,26.8811905,88.8041321
14/06/2021 12:04:13,26.8811883,88.8041284
14/06/2021 12:04:14,26.8811883,88.8041284
14/06/2021 12:04:14,26.881186,88.8041265
14/06/2021 12:04:15,26.881186,88.8041265
14/06/2021 12:04:15,26.8811836,88.8041256
14/06/2021 12:04:16,26.8811836,88.8041256
14/06/2021 12:04:16,26.8811828,88.8041254
14/06/2021 12:04:17,26.8811821,88.8041252
14/06/2021 12:04:17,26.881181,88.8041253
14/06/2021 12:04:18,26.881181,88.8041253
14/06/2021 12:04:18,26.8811789,88.8041245
14/06/2021 12:04:19,26.8811783,88.8041233
14/06/2021 12:04:19,26.8811781,88.8041218
14/06/2021 12:04:20,26.8811781,88.8041218
14/06/2021 12:04:20,26.8811771,88.8041205
14/06/2021 12:04:21,26.8811771,88.8041205
14/06/2021 12:04:21,26.8811753,88.8041188
14/06/2021 12:04:22,26.8811753,88.8041188
14/06/2021 12:04:22,26.8811727,88.8041161
14/06/2021 12:04:23,26.8811716,88.8041147
14/06/2021 12:04:23,26.881172,88.8041138
14/06/2021 12:04:24,26.881172,88.8041138
14/06/2021 12:04:24,26.8811719,88.8041122
14/06/2021 12:04:25,26.8811721,88.8041106
14/06/2021 12:04:25,26.8811727,88.8041095
14/06/2021 12:04:26,26.881175,88.8041079
14/06/2021 12:04:26,26.8811768,88.8041064
14/06/2021 12:04:27,26.8811768,88.8041064
14/06/2021 12:04:27,26.881183,88.8041038
14/06/2021 12:04:28,26.881183,88.8041038
14/06/2021 12:04:28,26.8811856,88.8041021
14/06/2021 12:04:29,26.8811898,88.8041003
14/06/2021 12:04:29,26.8811928,88.8040994
14/06/2021 12:04:30,26.8811928,88.8040994
14/06/2021 12:04:30,26.8811958,88.8041009
14/06/2021 12:04:31,26.8811991,88.8041034
14/06/2021 12:04:31,26.8811991,88.8041034
14/06/2021 12:04:32,26.8812017,88.8041069
14/06/2021 12:04:32,26.8812024,88.8041092
14/06/2021 12:04:33,26.8812031,88.8041122
14/06/2021 12:04:33,26.8812036,88.8041145
14/06/2021 12:04:34,26.8812036,88.8041145
14/06/2021 12:04:34,26.8812055,88.8041198
14/06/2021 12:04:35,26.8812055,88.8041198
14/06/2021 12:04:35,26.8812065,88.8041224
14/06/2021 12:04:36,26.8812073,88.8041233
14/06/2021 12:04:36,26.8812085,88.8041247
14/06/2021 12:04:37,26.8812085,88.8041247
14/06/2021 12:04:37,26.881211,88.8041263
14/06/2021 12:04:38,26.881211,88.8041263
14/06/2021 12:04:38,26.8812135,88.8041273
14/06/2021 12:04:39,26.8812135,88.8041273
14/06/2021 12:04:39,26.8812166,88.804128
14/06/2021 12:04:40,26.8812166,88.804128
14/06/2021 12:04:40,26.8812209,88.8041283
14/06/2021 12:04:41,26.8812227,88.8041276
14/06/2021 12:04:41,26.8812246,88.8041271
14/06/2021 12:04:42,26.8812246,88.8041271
14/06/2021 12:04:42,26.8812266,88.8041262
14/06/2021 12:04:43,26.8812277,88.8041251
14/06/2021 12:04:43,26.8812289,88.8041248
14/06/2021 12:04:44,26.8812296,88.8041244
14/06/2021 12:04:44,26.8812309,88.8041243
14/06/2021 12:04:45,26.8812309,88.8041243
14/06/2021 12:04:45,26.8812319,88.804124
14/06/2021 12:04:46,26.8812327,88.8041236
14/06/2021 12:04:46,26.8812337,88.8041239
14/06/2021 12:04:47,26.8812337,88.8041239
14/06/2021 12:04:47,26.8812358,88.804125
14/06/2021 12:04:48,26.8812358,88.804125
14/06/2021 12:04:48,26.8812381,88.8041264
14/06/2021 12:04:49,26.8812381,88.8041264
14/06/2021 12:04:49,26.8812398,88.8041274
14/06/2021 12:04:50,26.8812418,88.8041283
14/06/2021 12:04:50,26.8812433,88.8041287
14/06/2021 12:04:51,26.8812457,88.8041292
14/06/2021 12:04:51,26.8812476,88.8041296
14/06/2021 12:04:52,26.8812476,88.8041296
14/06/2021 12:04:52,26.8812492,88.8041293
14/06/2021 12:04:53,26.8812492,88.8041293
14/06/2021 12:04:53,26.8812494,88.8041289
14/06/2021 12:04:54,26.8812494,88.8041289
14/06/2021 12:04:54,26.8812489,88.8041283
14/06/2021 12:04:55,26.8812482,88.804128
14/06/2021 12:04:55,26.8812477,88.8041285
14/06/2021 12:04:56,26.8812472,88.8041291
14/06/2021 12:04:56,26.8812463,88.8041298
14/06/2021 12:04:57,26.8812463,88.8041298
14/06/2021 12:04:57,26.8812447,88.8041305
14/06/2021 12:04:58,26.8812447,88.8041305
14/06/2021 12:04:58,26.8812424,88.8041307
14/06/2021 12:04:59,26.8812424,88.8041307
14/06/2021 12:04:59,26.8812399,88.8041303
14/06/2021 12:05:00,26.8812355,88.8041294
14/06/2021 12:05:00,26.8812336,88.8041288
14/06/2021 12:05:01,26.8812336,88.8041288
14/06/2021 12:05:01,26.8812293,88.8041275
14/06/2021 12:05:02,26.8812293,88.8041275
14/06/2021 12:05:02,26.8812233,88.804125
14/06/2021 12:05:03,26.8812233,88.804125
14/06/2021 12:05:03,26.881221,88.8041236
14/06/2021 12:05:04,26.8812169,88.8041213
14/06/2021 12:05:04,26.8812151,88.8041201
14/06/2021 12:05:05,26.8812108,88.8041179
14/06/2021 12:05:05,26.8812087,88.8041175
14/06/2021 12:05:06,26.8812087,88.8041175
14/06/2021 12:05:06,26.8812058,88.8041169
14/06/2021 12:05:07,26.8812025,88.8041166
14/06/2021 12:05:07,26.8812,88.8041164
14/06/2021 12:05:08,26.8811978,88.8041167
14/06/2021 12:05:08,26.881195,88.8041171
14/06/2021 12:05:09,26.881195,88.8041171
14/06/2021 12:05:09,26.8811903,88.8041198
14/06/2021 12:05:10,26.8811903,88.8041198
14/06/2021 12:05:10,26.8811877,88.8041212
14/06/2021 12:05:11,26.8811846,88.804122
14/06/2021 12:05:11,26.8811818,88.8041221
14/06/2021 12:05:12,26.8811818,88.8041221
14/06/2021 12:05:12,26.8811762,88.8041222
14/06/2021 12:05:13,26.8811762,88.8041222
14/06/2021 12:05:13,26.8811709,88.8041225
14/06/2021 12:05:14,26.8811709,88.8041225
14/06/2021 12:05:14,26.8811668,88.8041241
14/06/2021 12:05:15,26.8811608,88.8041256
14/06/2021 12:05:15,26.881158,88.8041257
14/06/2021 12:05:16,26.881158,88.8041257
14/06/2021 12:05:16,26.8811546,88.8041251
14/06/2021 12:05:17,26.8811546,88.8041251
14/06/2021 12:05:17,26.8811534,88.8041231
14/06/2021 12:05:18,26.8811534,88.8041231
14/06/2021 12:05:18,26.8811534,88.804121
14/06/2021 12:05:19,26.8811539,88.8041194
14/06/2021 12:05:19,26.881154,88.8041181
14/06/2021 12:05:20,26.8811542,88.804116
14/06/2021 12:05:20,26.8811543,88.8041141
14/06/2021 12:05:21,26.8811543,88.8041141
14/06/2021 12:05:21,26.8811545,88.8041119
14/06/2021 12:05:22,26.8811546,88.8041114
14/06/2021 12:05:22,26.8811554,88.8041104
14/06/2021 12:05:23,26.8811554,88.8041104
14/06/2021 12:05:23,26.8811579,88.8041098
14/06/2021 12:05:24,26.8811602,88.8041113
14/06/2021 12:05:24,26.8811625,88.8041132
14/06/2021 12:05:25,26.8811625,88.8041132
14/06/2021 12:05:25,26.8811646,88.8041156
14/06/2021 12:05:26,26.8811646,88.8041156
14/06/2021 12:05:26,26.8811644,88.8041186
14/06/2021 12:05:27,26.8811644,88.8041186
14/06/2021 12:05:27,26.8811627,88.8041224
14/06/2021 12:05:28,26.8811619,88.804124
14/06/2021 12:05:28,26.8811612,88.8041255
14/06/2021 12:05:29,26.8811612,88.8041255
14/06/2021 12:05:29,26.8811601,88.8041273
14/06/2021 12:05:30,26.8811593,88.8041291
14/06/2021 12:05:30,26.881159,88.8041308
14/06/2021 12:05:31,26.881159,88.8041308
14/06/2021 12:05:31,26.8811597,88.8041342
14/06/2021 12:05:32,26.8811597,88.8041342
14/06/2021 12:05:32,26.881161,88.8041353
14/06/2021 12:05:33,26.8811634,88.804136
14/06/2021 12:05:33,26.8811652,88.8041362
14/06/2021 12:05:34,26.8811652,88.8041362
14/06/2021 12:05:34,26.881168,88.8041355
14/06/2021 12:05:35,26.881168,88.8041355
14/06/2021 12:05:35,26.8811728,88.8041334
14/06/2021 12:05:36,26.8811728,88.8041334
14/06/2021 12:05:36,26.8811746,88.8041325
14/06/2021 12:05:37,26.8811761,88.8041316
14/06/2021 12:05:37,26.8811781,88.8041307
14/06/2021 12:05:38,26.8811781,88.8041307
14/06/2021 12:05:38,26.8811812,88.8041293
14/06/2021 12:05:39,26.8811812,88.8041293
14/06/2021 12:05:39,26.8811841,88.8041276
14/06/2021 12:05:40,26.8811841,88.8041276
14/06/2021 12:05:40,26.8811859,88.8041268
14/06/2021 12:05:41,26.8811867,88.8041267
14/06/2021 12:05:41,26.8811882,88.8041267
14/06/2021 12:05:42,26.8811882,88.8041267
14/06/2021 12:05:42,26.881191,88.8041277
14/06/2021 12:05:43,26.881191,88.8041277
14/06/2021 12:05:43,26.8811921,88.8041284
14/06/2021 12:05:44,26.8811921,88.8041284
14/06/2021 12:05:44,26.8811942,88.8041296
14/06/2021 12:05:45,26.8811942,88.8041296
14/06/2021 12:05:45,26.8811959,88.8041306
14/06/2021 12:05:46,26.8811959,88.8041306
14/06/2021 12:05:46,26.8811954,88.80413
14/06/2021 12:05:47,26.8811954,88.80413
14/06/2021 12:05:47,26.8811953,88.8041295
14/06/2021 12:05:48,26.8811952,88.8041294
14/06/2021 12:05:48,26.8811958,88.8041295
14/06/2021 12:05:49,26.8811958,88.8041295
14/06/2021 12:05:49,26.881197,88.8041294
14/06/2021 12:05:50,26.881197,88.8041294
14/06/2021 12:05:50,26.8811977,88.8041283
14/06/2021 12:05:51,26.8811977,88.8041283
14/06/2021 12:05:51,26.8811978,88.8041265
14/06/2021 12:05:52,26.8811969,88.8041244
14/06/2021 12:05:52,26.8811953,88.8041229
14/06/2021 12:05:53,26.8811953,88.8041229
14/06/2021 12:05:53,26.8811913,88.8041222
14/06/2021 12:05:54,26.8811913,88.8041222
14/06/2021 12:05:54,26.8811849,88.8041217
14/06/2021 12:05:55,26.8811849,88.8041217
14/06/2021 12:05:55,26.881183,88.8041205
14/06/2021 12:05:56,26.8811816,88.8041185
14/06/2021 12:05:56,26.881182,88.8041166
14/06/2021 12:05:57,26.881182,88.8041166
14/06/2021 12:05:57,26.8811832,88.804113
14/06/2021 12:05:58,26.8811843,88.8041093
14/06/2021 12:05:58,26.8811843,88.8041093
14/06/2021 12:05:59,26.8811853,88.804105
14/06/2021 12:05:59,26.8811856,88.8041019
14/06/2021 12:06:00,26.8811856,88.8041019
14/06/2021 12:06:00,26.8811861,88.804096
14/06/2021 12:06:01,26.8811864,88.8040916
14/06/2021 12:06:01,26.8811863,88.8040887
14/06/2021 12:06:02,26.8811863,88.8040887
14/06/2021 12:06:02,26.8811866,88.8040845
14/06/2021 12:06:03,26.8811866,88.8040845
14/06/2021 12:06:03,26.8811866,88.8040804
14/06/2021 12:06:04,26.8811861,88.8040767
14/06/2021 12:06:04,26.8811855,88.8040742
14/06/2021 12:06:05,26.8811855,88.8040742
14/06/2021 12:06:05,26.8811828,88.8040744
14/06/2021 12:06:06,26.8811828,88.8040744
14/06/2021 12:06:06,26.8811795,88.8040769
14/06/2021 12:06:07,26.8811795,88.8040769
14/06/2021 12:06:07,26.8811761,88.8040833
14/06/2021 12:06:08,26.8811761,88.8040833
14/06/2021 12:06:08,26.8811737,88.8040938
14/06/2021 12:06:09,26.8811727,88.8040989
14/06/2021 12:06:09,26.8811716,88.8041043
14/06/2021 12:06:10,26.8811716,88.8041043
14/06/2021 12:06:10,26.88117,88.8041117
14/06/2021 12:06:11,26.8811693,88.8041151
14/06/2021 12:06:11,26.8811688,88.8041188
14/06/2021 12:06:12,26.8811688,88.8041188
14/06/2021 12:06:12,26.8811684,88.8041251
14/06/2021 12:06:13,26.8811684,88.8041251
14/06/2021 12:06:13,26.8811682,88.8041304
14/06/2021 12:06:14,26.8811682,88.8041304
14/06/2021 12:06:14,26.8811676,88.8041345
14/06/2021 12:06:15,26.8811676,88.8041345
14/06/2021 12:06:15,26.8811655,88.8041378
14/06/2021 12:06:16,26.8811655,88.8041378
14/06/2021 12:06:16,26.8811629,88.8041361
14/06/2021 12:06:17,26.8811629,88.8041361
14/06/2021 12:06:17,26.8811609,88.8041335
14/06/2021 12:06:18,26.8811609,88.8041335
14/06/2021 12:06:18,26.8811585,88.8041303
14/06/2021 12:06:19,26.8811585,88.8041303
14/06/2021 12:06:19,26.8811566,88.8041279
14/06/2021 12:06:20,26.8811551,88.8041262
14/06/2021 12:06:20,26.8811547,88.8041258
14/06/2021 12:06:21,26.8811547,88.8041258
14/06/2021 12:06:21,26.8811535,88.8041253
14/06/2021 12:06:22,26.8811535,88.8041253
14/06/2021 12:06:22,26.8811521,88.8041251
14/06/2021 12:06:23,26.8811519,88.8041254
14/06/2021 12:06:23,26.881152,88.8041263
14/06/2021 12:06:24,26.881152,88.8041263
14/06/2021 12:06:24,26.881153,88.8041279
14/06/2021 12:06:25,26.881153,88.8041279
14/06/2021 12:06:25,26.8811566,88.8041304
14/06/2021 12:06:26,26.8811566,88.8041304
14/06/2021 12:06:26,26.8811594,88.8041317
14/06/2021 12:06:27,26.8811594,88.8041317
14/06/2021 12:06:27,26.8811629,88.8041322
14/06/2021 12:06:28,26.8811629,88.8041322
14/06/2021 12:06:28,26.8811665,88.804131
14/06/2021 12:06:29,26.8811665,88.804131
14/06/2021 12:06:29,26.8811705,88.8041294
14/06/2021 12:06:30,26.8811705,88.8041294
14/06/2021 12:06:30,26.8811746,88.8041278
14/06/2021 12:06:31,26.8811746,88.8041278
14/06/2021 12:06:31,26.8811771,88.804127
14/06/2021 12:06:32,26.8811788,88.8041269
14/06/2021 12:06:32,26.8811802,88.8041272
14/06/2021 12:06:33,26.8811802,88.8041272
14/06/2021 12:06:33,26.8811817,88.8041275
14/06/2021 12:06:34,26.8811817,88.8041275
14/06/2021 12:06:34,26.8811827,88.8041276
14/06/2021 12:06:35,26.8811827,88.8041276
14/06/2021 12:06:35,26.8811839,88.8041276
14/06/2021 12:06:36,26.8811839,88.8041276
14/06/2021 12:06:36,26.8811848,88.8041277
14/06/2021 12:06:37,26.8811848,88.8041277
14/06/2021 12:06:37,26.8811851,88.8041274
14/06/2021 12:06:38,26.8811851,88.8041274
14/06/2021 12:06:38,26.8811853,88.8041272
14/06/2021 12:06:39,26.8811853,88.8041272
14/06/2021 12:06:39,26.8811861,88.8041267
14/06/2021 12:06:40,26.8811861,88.8041267
14/06/2021 12:06:40,26.881186,88.804126
14/06/2021 12:06:41,26.881186,88.804126
14/06/2021 12:06:41,26.8811861,88.8041255
14/06/2021 12:06:42,26.8811861,88.8041255
14/06/2021 12:06:42,26.8811861,88.8041251
14/06/2021 12:06:43,26.8811861,88.8041251
14/06/2021 12:06:43,26.8811863,88.8041248
14/06/2021 12:06:44,26.8811863,88.8041248
14/06/2021 12:06:44,26.8811868,88.8041245
14/06/2021 12:06:45,26.8811868,88.8041245
14/06/2021 12:06:45,26.8811873,88.804124
14/06/2021 12:06:46,26.8811873,88.804124
14/06/2021 12:06:46,26.881188,88.8041231
14/06/2021 12:06:47,26.8811883,88.8041228
14/06/2021 12:06:47,26.881189,88.8041223
14/06/2021 12:06:48,26.881189,88.8041223
14/06/2021 12:06:48,26.8811898,88.8041219
14/06/2021 12:06:49,26.8811898,88.8041219
14/06/2021 12:06:49,26.8811903,88.8041217
14/06/2021 12:06:50,26.8811903,88.8041217
14/06/2021 12:06:50,26.8811907,88.8041216
14/06/2021 12:06:51,26.8811907,88.8041216
14/06/2021 12:06:51,26.881191,88.8041215
14/06/2021 12:06:52,26.881191,88.8041215
14/06/2021 12:06:52,26.8811909,88.8041216
14/06/2021 12:06:53,26.8811909,88.8041216
14/06/2021 12:06:53,26.8811909,88.8041217
14/06/2021 12:06:54,26.8811909,88.8041217
14/06/2021 12:06:54,26.8811909,88.8041218
14/06/2021 12:06:55,26.8811909,88.8041218
14/06/2021 12:06:55,26.8811891,88.8041223
14/06/2021 12:06:56,26.8811899,88.8041218
14/06/2021 12:06:56,26.8811899,88.8041218
14/06/2021 12:06:57,26.8811899,88.8041218
14/06/2021 12:06:57,26.8811911,88.8041213
14/06/2021 12:06:58,26.8811911,88.8041213
14/06/2021 12:06:58,26.8811922,88.8041209
14/06/2021 12:06:59,26.8811922,88.8041209
14/06/2021 12:06:59,26.8811924,88.8041208
14/06/2021 12:07:00,26.8811924,88.8041208
14/06/2021 12:07:00,26.8811928,88.8041207
14/06/2021 12:07:01,26.8811928,88.8041207
14/06/2021 12:07:01,26.881193,88.8041205
14/06/2021 12:07:02,26.881193,88.8041205
14/06/2021 12:07:02,26.8811933,88.8041206
14/06/2021 12:07:03,26.8811933,88.8041206
14/06/2021 12:07:03,26.8811932,88.8041207
14/06/2021 12:07:04,26.8811931,88.8041205
14/06/2021 12:07:04,26.8811931,88.8041205
14/06/2021 12:07:05,26.881193,88.8041202
14/06/2021 12:07:05,26.8811933,88.8041199
